record_id,source,source_type,date,rating,title,text,source_url,engagement,app_version,language,dataset_type,text_length
GP-D-d4317f2d-a510-40c3-ab79-dbf0d67f6e99,Google Play,App review,2026-04-21,1,,"The customer PAYS for an item -> Receives an EMPTY box -> The support team says; ""I understand your point of view. If I were in your position, I would feel the same, but trust me, it is not possible from our end to cater to this request, as we have confirmed from the delivery team that all items have been delivered to you.""",https://play.google.com/store/apps/details?id=com.grofers.customerapp&reviewId=d4317f2d-a510-40c3-ab79-dbf0d67f6e99,29,17.89.1,en,Detailed review export,325
GP-D-eee844b3-b44f-44fa-afb1-45fda332bcbe,Google Play,App review,2026-07-30,1,,"Terrible experience! Placed an order at 11:06 PM, only for them to cancel it at 11:50 PM stating they couldn't complete it. This is completely ridiculous. If an order cannot be fulfilled, they should have the basic courtesy to inform the customer within 15 minutes instead of wasting nearly an hour. What were they even doing for 44 minutes? Completely unreliable service!",https://play.google.com/store/apps/details?id=com.grofers.customerapp&reviewId=eee844b3-b44f-44fa-afb1-45fda332bcbe,0,18.13.0,en,Detailed review export,372
GP-D-05d3b895-261c-46b3-ac68-572e9da63a09,Google Play,App review,2026-07-30,1,,"Terrible interface! The app is really slow and the cart option doesn't expand up once you click on it. If you have added something in the cart, you need to spend 5 to 10 minutes looking for an option to open the cart again. App is really not user friendly! Update: Issue is with the application, not the order or service. Thanks!",https://play.google.com/store/apps/details?id=com.grofers.customerapp&reviewId=05d3b895-261c-46b3-ac68-572e9da63a09,1,18.13.0,en,Detailed review export,329
GP-D-57d0d01e-7257-4805-941d-884fb78a5ccf,Google Play,App review,2026-07-24,1,,"This app is absolutely rubbish... not a single order of theirs reaches home in good condition. Sometimes the packaging is torn, sometimes the items are dirty, sometimes they are stuck to the packaging, and sometimes they even smell bad; the truth is, they just can't handle it. They fail to provide the peace of mind one gets from personally checking and buying items at a local store.",https://play.google.com/store/apps/details?id=com.grofers.customerapp&reviewId=57d0d01e-7257-4805-941d-884fb78a5ccf,1,18.9.3,en,Detailed review export,385
GP-D-c196bf27-718e-4a1d-8d6a-ff5c6ef49753,Google Play,App review,2026-07-30,5,,"I recently required several grocery items and gifts for my loved ones. After downloading three apps, I found Blinkit to be the most useful and reliable option, thanks to its extensive product range, competitive pricing, and efficient delivery services. I placed three orders within two days to fulfill all my needs and was highly satisfied with the experience. I wholeheartedly recommend Blinkit as the premier shopping app for grocery essentials.",https://play.google.com/store/apps/details?id=com.grofers.customerapp&reviewId=c196bf27-718e-4a1d-8d6a-ff5c6ef49753,1,18.13.0,en,Detailed review export,447
GP-D-dbd5a764-0e9e-414e-8990-49cf0e7d8228,Google Play,App review,2026-07-24,1,,"Very disappointing. The prices are much higher than local stores, and the platform keeps adding extra charges that make orders unnecessarily expensive. The so-called ""quick delivery"" isn't always quick, and the overall value for money is poor. Needs better pricing, transparency, and more consistent service.",https://play.google.com/store/apps/details?id=com.grofers.customerapp&reviewId=dbd5a764-0e9e-414e-8990-49cf0e7d8228,3,18.9.3,en,Detailed review export,308
GP-D-b45857cb-5181-4ede-8e0a-9aea7c2ede19,Google Play,App review,2026-07-27,4,,"pretty good app for emergency supplies and cravings, but i gotta pay a lot for delivery charges sometimes like maybe even a 100 rupees if it's raining but otherwise, it has good service. I've faced no difficulties till date, almost been a year now. App layout is good and easy to understand, no complications at all. I'd just suggest a little something - pls don't make the delivery partners deliver under 10 mins, they rush a lot for delivering that way and I've seen a few getting into accidents.",https://play.google.com/store/apps/details?id=com.grofers.customerapp&reviewId=b45857cb-5181-4ede-8e0a-9aea7c2ede19,2,18.9.3,en,Detailed review export,498
GP-D-e5afd884-b7fb-4800-8ed8-f562f6767410,Google Play,App review,2026-07-26,1,,"Really, I had a very bad experience with the Blinkit team today. Today, I ordered one book on the Blinkit app. By mistake, I selected a quantity of two instead of one. When I asked the delivery partner to take one book back, he told me to contact the support team. After waiting for 30 minutes, I contacted the support team, but they told me that the book could not be returned. We don't have policy to return the item....",https://play.google.com/store/apps/details?id=com.grofers.customerapp&reviewId=e5afd884-b7fb-4800-8ed8-f562f6767410,0,18.13.0,en,Detailed review export,422
GP-D-b4c9decb-b70b-4376-844b-c34c49649708,Google Play,App review,2026-07-30,1,,"Extremely disappointed with this app. Since yesterday, every time I try to place an order, it shows ""Currently unavailable. We can't accept your order right now due to high demand."" If you can't handle the demand, don't let customers spend time adding products to their cart. This is a terrible user experience. There is no proper explanation, no estimated time, and no solution provided. Please fix your servers or stop showing unavailable services. Very frustrating and a complete waste of time.",https://play.google.com/store/apps/details?id=com.grofers.customerapp&reviewId=b4c9decb-b70b-4376-844b-c34c49649708,2,18.13.0,en,Detailed review export,497
GP-D-f6301479-80cc-44a2-a9a2-c6417d179a2d,Google Play,App review,2026-07-26,5,,"Excellent app! Blinkit delivers orders very quickly and the service is always reliable. The app is easy to use and offers a wide range of products. The items are fresh, well-packed, and delivered on time. Delivery partners are polite and professional. I also like the discounts and smooth payment options. Customer support is helpful and resolves issues quickly. Overall, Blinkit makes grocery shopping fast, easy, and convenient. Highly recommended!",https://play.google.com/store/apps/details?id=com.grofers.customerapp&reviewId=f6301479-80cc-44a2-a9a2-c6417d179a2d,2,18.13.0,en,Detailed review export,450
GP-D-c47b5a31-1b7f-4d83-9dd6-97d728fe901a,Google Play,App review,2026-07-16,1,,"I contacted Blinkit and they refused to replace the product. I tried complaining from the time I received the product but they keep on refusing my request. Then they said the product is same, it's just the packaging but when we cooked the rice it's completely different. Our family can't eat it. Using the app for years. It's a shame. Uninstalling the app.",https://play.google.com/store/apps/details?id=com.grofers.customerapp&reviewId=c47b5a31-1b7f-4d83-9dd6-97d728fe901a,2,18.9.3,en,Detailed review export,356
GP-D-7c1d478c-ee70-47ca-889a-916f46d2a367,Google Play,App review,2026-07-26,5,,"honestly it's one of the best grocery delivery apps ever! I live in coimbatore and when I first heard about blinkit, I thought it would be nice. But since at first they didn't deliver in coimbatore, I was sad. But now since they are delivering in coimbatore I'm so happy, I've already ordered 3 times and All 3 times Products came neat, delivery partners were quick, and the delivery is fast! Best App for daily groceries and makeup and beauty items hands down🔥🔥💗💗",https://play.google.com/store/apps/details?id=com.grofers.customerapp&reviewId=7c1d478c-ee70-47ca-889a-916f46d2a367,0,18.9.3,en,Detailed review export,464
GP-D-60e9cec0-65ef-4459-806d-e213b15d2e22,Google Play,App review,2026-07-28,1,,"Not Happy with Blinkit Service. ""Delivered"" in the Blinkit app, even though I have not received the order. Despite repeatedly trying to contact your customer support through the app, I have received no response or resolution. This lack of customer service is extremely disappointing. It is unacceptable that an order can be marked as delivered without being handed over to the customer, and that there is no timely support or refund process. This has caused significant inconvenience.",https://play.google.com/store/apps/details?id=com.grofers.customerapp&reviewId=60e9cec0-65ef-4459-806d-e213b15d2e22,2,18.9.3,en,Detailed review export,484
GP-D-7c2ea8b1-d350-49f9-b817-781d1acb1110,Google Play,App review,2026-07-17,4,,"A very good alternative when you are unable to reach local marketplace or you have to purchase something urgently and you have less time. Packaging is satisfactory. Products are mostly good with rare exceptions in the electronics category. However, it is no doubt expensive and majority products are overpriced. All in all, a savior when it comes to ordering things within time constraints or when you are just feeling lazy to go out.",https://play.google.com/store/apps/details?id=com.grofers.customerapp&reviewId=7c2ea8b1-d350-49f9-b817-781d1acb1110,5,17.95.4,en,Detailed review export,434
GP-D-7410de40-13bd-483b-8e29-eab59b4d5c1c,Google Play,App review,2026-07-10,1,,"Always charging Surcharge amount on top of handling fee, even after adding items worth more than 1000/- in kart. That too not in any rush hour or bad weather, in a well connected metro city. Just another app for robbing people in the name of little convenience. Also, they have even the basic essentials always 'out of stock'. Hope it shuts down soon.",https://play.google.com/store/apps/details?id=com.grofers.customerapp&reviewId=7410de40-13bd-483b-8e29-eab59b4d5c1c,9,18.7.0,en,Detailed review export,351
GP-D-eff665fc-33a9-4222-a1ee-903127234d91,Google Play,App review,2026-07-29,1,,"This is the worst app, do not buy anything from here. I had ordered an item that looked different in the app, but a completely different one was delivered. And on this app, it's not even possible to connect with customer care—they just keep asking for images and in the end, they say everything is fine and they can't do anything",https://play.google.com/store/apps/details?id=com.grofers.customerapp&reviewId=eff665fc-33a9-4222-a1ee-903127234d91,0,18.15.0,en,Detailed review export,329
GP-D-ea393d44-d9c1-4be3-aadd-05c28fb9298c,Google Play,App review,2026-07-22,1,,un-installing the app got the bread with fungus and did everything as per they instructed still they are saying that we can't validate the issue. Even if they have the item in stock still saying that we can't arrange the return or replacement. Just remember before ordering that if u get any issue with any product u won't get any returns replacement or refund.,https://play.google.com/store/apps/details?id=com.grofers.customerapp&reviewId=ea393d44-d9c1-4be3-aadd-05c28fb9298c,3,18.9.3,en,Detailed review export,361
GP-D-a6d04f1b-a788-4bab-937f-e816e7e22ee2,Google Play,App review,2026-07-19,1,,"They are thief, just innovative. The are using deceptive practice ""Bait & Switch"" - like compelling customers to add more items to basket in lieu of free gift - which they do not deliver and later just say 'sorry - item was not in stock'. and they have been doing it for a long time, yet it went unnoticed. Even after complaints they do not pay a heed to it.",https://play.google.com/store/apps/details?id=com.grofers.customerapp&reviewId=a6d04f1b-a788-4bab-937f-e816e7e22ee2,3,18.7.0,en,Detailed review export,358
GP-D-dab56257-a726-426c-8bbd-92bfa9050c04,Google Play,App review,2026-07-12,1,,Very fradulent and predatory business. you first add something to the cart on which they add delivery and surcharge. To avoid that you add items you didn't even need in the first place. Then you spend time fiddling with coupons and offers. only to realize that when order is delivered your original item was not delivered. They offer refund but will I get the item delivered in that price? should I add another set of completely useless items again?,https://play.google.com/store/apps/details?id=com.grofers.customerapp&reviewId=dab56257-a726-426c-8bbd-92bfa9050c04,6,18.9.2,en,Detailed review export,449
GP-D-79c1dca1-c49c-49c5-a99b-adfc78bb44de,Google Play,App review,2026-07-29,3,,"blikit is good but there are some things. I didn't liked above them. such as if they don't have that particular item they don't show us before that the item is unavailable after placing the order and paying the amount they tell is that, that particular item is unavailable. and they take too much time for refund.",https://play.google.com/store/apps/details?id=com.grofers.customerapp&reviewId=79c1dca1-c49c-49c5-a99b-adfc78bb44de,2,18.13.0,en,Detailed review export,313
GP-D-d5637f7e-f338-4f02-87b8-f73c1da479fc,Google Play,App review,2026-07-29,1,,"I have never experienced such poor customer support, especially from Riya. I reported a damaged item and provided everything they requested, including videos and photos. Despite doing everything they asked, they kept delaying the process instead of resolving the issue. It feels like they are just trying to waste customers' time. Because of this experience, I cannot recommend Blinkit. I would rather choose its competitors, as their customer service has been extremely disappointing.",https://play.google.com/store/apps/details?id=com.grofers.customerapp&reviewId=d5637f7e-f338-4f02-87b8-f73c1da479fc,1,18.13.0,en,Detailed review export,485
GP-D-a6b20c27-2399-4b29-b498-39f6aa9cbe35,Google Play,App review,2026-07-15,1,,"I ordered one product through the app, but when the package was delivered, I received only an empty box. The biggest concern is not just the missing item but the complete lack of accountability. Customers place orders with the expectation that they will receive what they have paid for. If an item is missing from a sealed package, there should be a proper investigation, including checking the packing process, delivery records, or any available evidence. Instead, my complaint was simply dismissed.",https://play.google.com/store/apps/details?id=com.grofers.customerapp&reviewId=a6b20c27-2399-4b29-b498-39f6aa9cbe35,5,18.9.3,en,Detailed review export,500
GP-D-4965c209-5fc9-4add-b949-2f42adec62e3,Google Play,App review,2026-07-23,1,,"Hello everyone, I'd like to share my recent experience with Blinkit. Today, I ordered a USB cable from Blinkit for the first time. Unfortunately, the cable was not working properly. I have been trying to get it replaced or returned for the last 1.5–2 hours. During this time, the customer support team asked me to record multiple videos and perform several troubleshooting steps using different adapters and methods, but my return request still hasn't been resolved. I'm sharing this only as feedback",https://play.google.com/store/apps/details?id=com.grofers.customerapp&reviewId=4965c209-5fc9-4add-b949-2f42adec62e3,2,18.9.3,en,Detailed review export,500
GP-D-41877234-1b13-4e55-9145-b64dce5591e1,Google Play,App review,2026-07-08,1,,"Every time I urgently need something, it's always marked ""Out of Stock."" What's even more frustrating is that these items often stay unavailable for a long time instead of being restocked quickly. If essential products aren't available when customers need them the most, it defeats the whole purpose of a quick delivery service. Blinkit really needs to improve its inventory management because this has become a repeated and disappointing experience.",https://play.google.com/store/apps/details?id=com.grofers.customerapp&reviewId=41877234-1b13-4e55-9145-b64dce5591e1,8,18.7.0,en,Detailed review export,450
GP-D-2bf2e9f8-b496-4d91-a264-1767bf4184eb,Google Play,App review,2026-07-17,1,,It's the worst experience with blinkit. ordered vegetables and received. Every item received is either too small or quantity wise very less. When we order something we expect a reasonable quantity to have it. Cauliflower received is not even enough for a kid to eat. How bad it is. Only thing I understand is taking the advantage of quick delivery so that people can order and receive no matter what the quantity of product. Its just that full filling the required order with number of items. Worst!!,https://play.google.com/store/apps/details?id=com.grofers.customerapp&reviewId=2bf2e9f8-b496-4d91-a264-1767bf4184eb,4,18.9.3,en,Detailed review export,500
GP-D-ce0a0492-ff46-45ee-bd27-9abef871e5e6,Google Play,App review,2026-07-05,5,,"Fantastic service and incredibly fast! Blinkit has completely changed how I shop for daily essentials. The delivery truly takes less than 10–15 minutes, and the items always arrive well-packaged. The app is super easy to use, and I love that they carry everything from groceries to electronics now. Highly recommended!",https://play.google.com/store/apps/details?id=com.grofers.customerapp&reviewId=ce0a0492-ff46-45ee-bd27-9abef871e5e6,9,18.7.0,en,Detailed review export,318
GP-D-49c2cfac-2c68-450d-8039-b6b1e90a2daf,Google Play,App review,2026-06-25,1,,"Very disappointing service. This isn't a one-time issue—it happens repeatedly. When ordering multiple items, some are often left out, and the excuse is always, ""We forgot."" Even after paying extra for priority delivery, they keep customers waiting for hours. Extremely careless service from such a big brand. Would not recommend.",https://play.google.com/store/apps/details?id=com.grofers.customerapp&reviewId=49c2cfac-2c68-450d-8039-b6b1e90a2daf,14,17.99.1,en,Detailed review export,329
GP-D-83aa0516-5e80-4101-b190-29924ae4f607,Google Play,App review,2026-07-17,1,,"Incorrect product received. No resolution offered but empty platitude. Informed Return or replacement is not available at the moment though at the very same time i could see in the app it's showing otherwise. So they are lying. Told me I would receive a call but none came and no response either after I emailed regarding that. Totally ghosted. Now they are refusing to contact me, return, refund or replacement. Forcing me to pay for the wrong product. And lying.",https://play.google.com/store/apps/details?id=com.grofers.customerapp&reviewId=83aa0516-5e80-4101-b190-29924ae4f607,3,18.9.3,en,Detailed review export,464
GP-D-e343fbce-81b9-4109-8de9-901cfadbc19f,Google Play,App review,2026-06-02,5,,"Blinkit has made grocery shopping incredibly convenient. The app is easy to use, offers a wide range of products, and delivers orders very quickly. Most of my orders arrive within minutes, and the items are usually fresh and well-packed. The delivery partners are polite, and the real-time tracking feature is helpful. While some products can occasionally be out of stock, the overall experience is excellent. Highly recommended for anyone looking for fast and reliable grocery delivery.",https://play.google.com/store/apps/details?id=com.grofers.customerapp&reviewId=e343fbce-81b9-4109-8de9-901cfadbc19f,16,17.97.3,en,Detailed review export,487
GP-D-7264f7a4-a960-44cc-9114-5f603070198a,Google Play,App review,2026-07-14,5,,"⭐⭐⭐⭐⭐ Blinkit has made grocery shopping incredibly convenient. The app is easy to use, deliveries are usually very fast, and the products are fresh and well-packed. I appreciate the wide range of items available and the reliable service. It saves me a lot of time, especially during busy days. Overall, a great app for quick and hassle-free shopping.",https://play.google.com/store/apps/details?id=com.grofers.customerapp&reviewId=7264f7a4-a960-44cc-9114-5f603070198a,6,18.7.0,en,Detailed review export,350
GP-D-ddc0f139-7032-4c91-9c68-1899f9745d56,Google Play,App review,2026-07-07,5,,"Blinkit is one of the best quick delivery apps I have used. The app is easy to navigate, the delivery is usually very fast, and there is a wide variety of groceries, daily essentials, and other products available. The packaging is good, and customer support is helpful whenever there is an issue. It saves a lot of time, especially during busy days. Overall, I am very satisfied with the service and would definitely recommend Blinkit to others.",https://play.google.com/store/apps/details?id=com.grofers.customerapp&reviewId=ddc0f139-7032-4c91-9c68-1899f9745d56,4,18.7.0,en,Detailed review export,445
GP-D-70fa2a40-0097-4e6f-9a0e-639380f9f7bf,Google Play,App review,2026-07-17,5,,"Blinkit is a very convenient app for quick grocery and daily essentials delivery. The app is easy to use, offers a wide variety of products, and the delivery is usually very fast. The products arrive in good condition, and the prices are reasonable with frequent discounts. The customer support is also helpful. Overall, Blinkit saves a lot of time and makes shopping simple and hassle-free. Highly recommended!",https://play.google.com/store/apps/details?id=com.grofers.customerapp&reviewId=70fa2a40-0097-4e6f-9a0e-639380f9f7bf,4,18.7.0,en,Detailed review export,411
GP-D-0d181449-e158-42db-b9b7-ab98fa4a3b53,Google Play,App review,2026-07-08,1,,"If you place an order, it only arrives on time—that's about the only good thing. If something gets ordered by mistake, you can't even cancel it. Blinkit delivers items quickly, but their customer service is very poor. Even after sending photos as proof, they still claim that everything is fine with the order. Even if the product has a bad smell, they don't accept it. There is no refund, no proper customer support, and they don't help resolve the issue.",https://play.google.com/store/apps/details?id=com.grofers.customerapp&reviewId=0d181449-e158-42db-b9b7-ab98fa4a3b53,5,18.7.0,en,Detailed review export,456
GP-D-3f413ab8-3f10-4f86-be9e-e7ae5b215b9c,Google Play,App review,2026-07-04,1,,"Very disappointing experience. I received a faulty product that turns ON and OFF automatically right out of the box. Instead of replacing the defective product, Blinkit kept asking me to contact the brand, even though I purchased it from Blinkit. A seller's responsibility is to deliver a fresh, defect-free product, not shift the burden to the customer. Poor after-sales support and no accountability. I expected better service from Blinkit. I would not recommend buying electronic products.",https://play.google.com/store/apps/details?id=com.grofers.customerapp&reviewId=3f413ab8-3f10-4f86-be9e-e7ae5b215b9c,10,18.7.0,en,Detailed review export,492
GP-D-ca2e4e3c-87e1-447a-ba63-ab8bef9a51df,Google Play,App review,2026-07-10,1,,Worst app. Fully scam. I ordered for first time. The delivery guy asked to cancel and didnt picked the call further. After that it is showing the order is delivered. I approached to the support in blinkit app. There also no help come. Now its saying they cant help as 24 hour is not over. This app in the name of quick delivery just scaming. They dont have any control over the delivery boy. Fully fraud app. Without receiving how it can say that the delivery is received.,https://play.google.com/store/apps/details?id=com.grofers.customerapp&reviewId=ca2e4e3c-87e1-447a-ba63-ab8bef9a51df,5,18.7.0,en,Detailed review export,472
GP-D-7887fa2f-0d83-4814-8a8d-d632cf9a2f4d,Google Play,App review,2026-07-07,2,,The app runs well as long as we don't need to write grievance. I have been receiving opened packs of products for last three orders continuously and there is no way I can place a complain properly. Only a chatbot that allows us to get re-delivery or refund. They even redeliver again some half opened pack. Blinkit has deteriorated their service.,https://play.google.com/store/apps/details?id=com.grofers.customerapp&reviewId=7887fa2f-0d83-4814-8a8d-d632cf9a2f4d,5,18.9.2,en,Detailed review export,346
GP-D-40189935-3dd7-47b9-9d6c-8047544d1ec6,Google Play,App review,2026-06-06,1,,"Purchased the ANT Esports Wi-Fi Adapter from Blinkit on 20 May 2026. The adapter worked properly for only about a month before it stopped detecting Wi-Fi networks, making it unusable. This is especially disappointing because the product is advertised with a 1-year brand warranty. A Wi-Fi adapter should not develop issues within a few weeks of normal use. I would appreciate a refund or a better replacement.",https://play.google.com/store/apps/details?id=com.grofers.customerapp&reviewId=40189935-3dd7-47b9-9d6c-8047544d1ec6,19,17.97.3,en,Detailed review export,409
GP-D-382a4ea4-1e62-4ede-9332-b2094326c02c,Google Play,App review,2026-06-18,1,,Turning out to be the worst app day by day. First they gave me a coupon for 1 week free nongshim but I was not able to redeem it. I raised a complaint then after a few hours the coupon just disappeared without any trace. It really ruined my experience. edit: no resolution given when I contacted support they were just trying to prove me wrong.,https://play.google.com/store/apps/details?id=com.grofers.customerapp&reviewId=382a4ea4-1e62-4ede-9332-b2094326c02c,14,18.3.0,en,Detailed review export,344
GP-D-c4b33d0c-1f9c-4b1e-8fec-bc1614531eef,Google Play,App review,2026-06-06,1,,"You can write the review like this: > Very disappointing experience with Blinkit. I ordered one product, but a different lower-quality product was delivered. However, I was charged the full amount for the higher-quality product I originally ordered. I reported the issue and even sent an email, but I did not receive a proper response. The price difference has also not been refunded. I would advise customers to carefully check their orders after delivery, as mistakes like this can result in payin",https://play.google.com/store/apps/details?id=com.grofers.customerapp&reviewId=c4b33d0c-1f9c-4b1e-8fec-bc1614531eef,14,17.99.1,en,Detailed review export,499
GP-D-7ba27d40-0d77-4589-8d11-46eeafb70398,Google Play,App review,2026-06-30,1,,"Always store is unavailable, sometimes due to rain, due to high demand, sometimes can't deliver to your location. in my area there is no other substitute to blinkit so there no way to shift on other app. but one thing is, I was dependent on the app when it was working fine. but because of these issues I started back to my routine again after office take groceries by your own don't depend on these apps.",https://play.google.com/store/apps/details?id=com.grofers.customerapp&reviewId=7ba27d40-0d77-4589-8d11-46eeafb70398,11,18.7.0,en,Detailed review export,405
GP-D-59916dca-1768-4e94-b3ba-9e70f6022f43,Google Play,App review,2026-06-07,1,,"Worst service ever. This is my least favorite app to use. They don't provide immediate returns when something is ordered by mistake. On top of that, they often sends incorrect orders, causing inconvenience to customers. When they make a mistake, they simply say ""sorry."" But when a customer missorder something, they start talking about rules and policies. Should provide immediate return option for selected items.",https://play.google.com/store/apps/details?id=com.grofers.customerapp&reviewId=59916dca-1768-4e94-b3ba-9e70f6022f43,14,17.99.1,en,Detailed review export,415
GP-D-a59409e4-f16b-409c-aa58-0ede5ac6e38a,Google Play,App review,2026-07-03,1,,"I placed the order only once, but it failed three times due to a technical issue on your end. Suddenly, all three orders became active, which is completely unacceptable. How can the same order become active three times? Your customer support service has also been very disappointing. This issue was caused by your system, not by me. If the orders were cancelled, the refund should have been processed immediately. Please either arrange a return for the extra orders or issue my refund as soon as",https://play.google.com/store/apps/details?id=com.grofers.customerapp&reviewId=a59409e4-f16b-409c-aa58-0ede5ac6e38a,6,18.7.0,en,Detailed review export,495
GP-D-81329453-bc79-478d-bfc6-8dd3eef5c486,Google Play,App review,2026-06-10,1,,"What exactly did I pay for—air? My order was marked delivered, but the package contained absolutely nothing. Not one item. This is the most ridiculous delivery experience I've ever had. Customers pay for products, not empty packages. Either your quality checks have completely failed or nobody cares what reaches the customer. Extremely disappointed, furious, and demanding an immediate refund. I want an immediate refund!",https://play.google.com/store/apps/details?id=com.grofers.customerapp&reviewId=81329453-bc79-478d-bfc6-8dd3eef5c486,10,17.97.3,en,Detailed review export,422
GP-D-c462a553-eb03-4dd2-a3b8-16940088585a,Google Play,App review,2026-07-10,1,,"using this was total disaster. I ordered a product from blinkit, the amount was deducted from my account and they mentioned it as failed delivery and mentioned my money would be refunded in 5days !! like what do you mean 5 days!! what if I needed that product now and didn't had extra money to order it again. like it's trash. what do y'all think of customers. the customer support wasn't even showing my issue. update- i didn't received the refund either. while the app was showing it has !!!",https://play.google.com/store/apps/details?id=com.grofers.customerapp&reviewId=c462a553-eb03-4dd2-a3b8-16940088585a,4,18.9.3,en,Detailed review export,493
GP-D-65a0b070-541c-4290-855a-1c95ffe93d41,Google Play,App review,2026-06-15,5,,"Very useful for ordering vegetables and groceries. Every item comes fresh and well packed. Drinks come in chilled condition. Their maximum average delivery time is hardly 10-15 mins. That's very impressive. Electronics and some other useful products are also available here at their best prices. Fruits are also available but their prices are 3-times than the offline market price that's make no sense to me. So, I avoid ordering vegetables.",https://play.google.com/store/apps/details?id=com.grofers.customerapp&reviewId=65a0b070-541c-4290-855a-1c95ffe93d41,10,18.3.0,en,Detailed review export,441
GP-D-7c98999a-b037-45bb-a62b-846477c80331,Google Play,App review,2026-07-06,5,,"Blinkit is very helpful. Most of the time, my orders are delivered within 8–10 minutes, provided there are no weather-related issues. The delivery partners are always polite, professional, and well-behaved. The only thing I don't like is the ₹30 delivery charge on orders below ₹200. I think this could be improved. Overall, Blinkit is one of the best quick delivery services. Highly recommended!",https://play.google.com/store/apps/details?id=com.grofers.customerapp&reviewId=7c98999a-b037-45bb-a62b-846477c80331,10,18.7.0,en,Detailed review export,396
GP-D-3f049c23-2de8-454e-b79f-477dccd6814e,Google Play,App review,2026-07-27,1,,"pathetic experience. Despite paying for the order, some or the other item is missing and there is no customer support. The automated response and AI are of no help. just get rid of the customer support and at this point because whatever you are offering is useless. it's not support. it's just ""trouble the customer""",https://play.google.com/store/apps/details?id=com.grofers.customerapp&reviewId=3f049c23-2de8-454e-b79f-477dccd6814e,1,18.13.0,en,Detailed review export,316
GP-D-dac2d21f-daa1-462b-9e85-707f0f729e94,Google Play,App review,2026-07-27,1,,I had a very pathetic experience twice as I ordered a product for a specific brand but they sent me a wrong product and its low quality one after complaining they replaced it but again sending same product and after that they refused to replace or return. its happend with me multiple times so I am giving the 1 rating there is no zero or minus rating I might have been given.,https://play.google.com/store/apps/details?id=com.grofers.customerapp&reviewId=dac2d21f-daa1-462b-9e85-707f0f729e94,0,18.13.0,en,Detailed review export,376
GP-D-63e37007-0320-4eae-bfa7-676f3f84c3f4,Google Play,App review,2026-07-15,5,,"Amazing service by Blinkit! 💛 Living in a remote area, I never expected essentials to be so easily accessible. Whether it's a small everyday item or something bigger, I can order it in just a few clicks and have it delivered with ease. It has made my life so much easier, more convenient, and stress-free. Thank you, Blinkit, for making everyday living so comfortable! 🙌",https://play.google.com/store/apps/details?id=com.grofers.customerapp&reviewId=63e37007-0320-4eae-bfa7-676f3f84c3f4,5,18.9.3,en,Detailed review export,370
GP-D-c5a93d08-9711-45de-83ca-f187e44d888e,Google Play,App review,2026-07-14,5,,"Blinkit has officially become my 'I forgot' button. Whether it's groceries, snacks, or a last-minute emergency, they somehow arrive before the panic does. The speed is impressive, but the consistency is what keeps me coming back. If teleportation ever gets invented, I'm convinced the Blinkit team will be behind it. Until then, this is probably the closest thing to it. 🚀💛",https://play.google.com/store/apps/details?id=com.grofers.customerapp&reviewId=c5a93d08-9711-45de-83ca-f187e44d888e,6,18.9.3,en,Detailed review export,373
GP-D-48055da3-c03e-4e3d-895d-ac9df1805dec,Google Play,App review,2026-07-27,1,,"I ordered a product on Blinkit on 10th July. Due to an issue with the product, I returned it immediately. They stated I would receive a refund by 15th July. The status shows 'refund processed,' but I haven't received it yet. Contacting customer support has not provided any proper help. Can I get some clarity on this, or is this a fraudulent app?""",https://play.google.com/store/apps/details?id=com.grofers.customerapp&reviewId=48055da3-c03e-4e3d-895d-ac9df1805dec,1,18.13.0,en,Detailed review export,348
GP-D-37b68b2b-89d4-48ae-863d-4a3138fa113a,Google Play,App review,2026-07-13,4,,"Blinkit is a truly reliable and easy to use UI and has variety of products. The reason why I gave 4 stars is because of backdoor scalping happening in the designated store near me i really hate this, just recently I checked the hotwheels section and there were several premium hotwheels mentioned coming soon or live by 10 pm but within 1 or 2 hrs they were out of stock, they never went live.",https://play.google.com/store/apps/details?id=com.grofers.customerapp&reviewId=37b68b2b-89d4-48ae-863d-4a3138fa113a,4,18.9.3,en,Detailed review export,393
GP-D-4da1178e-5002-4d7b-b631-e4ce72c56af5,Google Play,App review,2026-07-25,1,,very bad experience I have been ordering items from them they used to the best quality but now they even delivered expired items also when complaints they completely ignore your request I had ordered kitten food twice both the tym either the packet is leaking staining all the other items badly or they send an expired item even tried to complaint through mail.. shared all the photos still no solution they said we can't help you.🙄😒,https://play.google.com/store/apps/details?id=com.grofers.customerapp&reviewId=4da1178e-5002-4d7b-b631-e4ce72c56af5,3,18.13.0,en,Detailed review export,433
GP-D-61beed87-6274-43fb-b9eb-448e486e38f1,Google Play,App review,2026-07-19,1,,"I am writing to express my frustration with the repeated issues I’ve encountered while using your app. Recently, I placed an order for multiple items, but only received a partial delivery. There was no prior notification about the missing items, either through the app or from the delivery person. Upon realizing the items were missing, I contacted the help center, where I was issued a refund for the missing items. However, this issue raises several concerns:",https://play.google.com/store/apps/details?id=com.grofers.customerapp&reviewId=61beed87-6274-43fb-b9eb-448e486e38f1,29,18.9.3,en,Detailed review export,461
GP-D-a9131e00-02d6-4690-befc-1946ba643bc4,Google Play,App review,2026-07-24,1,,"Extremely disappointed with this purchase. I ordered a free-size item, but received something that is completely the wrong size and entirely unusable. Customer support was unhelpful, simply citing a 'non-returnable' policy instead of offering a fair solution for a defective or incorrectly described item. Selling unusable goods and refusing to take responsibility is not acceptable. I will be sharing my honest experience in the ratings.",https://play.google.com/store/apps/details?id=com.grofers.customerapp&reviewId=a9131e00-02d6-4690-befc-1946ba643bc4,2,18.9.3,en,Detailed review export,438
GP-D-f4fee48b-20f3-4aa7-b83e-817ba2b63743,Google Play,App review,2026-07-30,5,,"My experiences have been highly satisfying. As displayed, at the time of ordering, they deliver within that time - not once or twice, but every time. The quality of the products is also very good. Moreover, in case of any problems, their customer service responds promptly and the resolution is extremely fast.",https://play.google.com/store/apps/details?id=com.grofers.customerapp&reviewId=f4fee48b-20f3-4aa7-b83e-817ba2b63743,0,18.13.0,en,Detailed review export,310
GP-D-90786e14-abe9-4ced-8e2c-7584a0403f2a,Google Play,App review,2026-07-23,1,,"I lost only ₹72.50 due to the non-issuance of a cashback, but Blinkit’s lack of accountability is far more disappointing. I applied the AIRTELAXIS10 coupon exactly as I had on previous successful orders, but it was apparently not recorded due to an app/server/network issue. Despite weeks of follow-ups, Blinkit simply repeated that the coupon wasn’t applied and refused to help. Customer support should solve problems, not just quote system records. Uninstalling the app and switching to other apps.",https://play.google.com/store/apps/details?id=com.grofers.customerapp&reviewId=90786e14-abe9-4ced-8e2c-7584a0403f2a,2,18.9.3,en,Detailed review export,500
GP-D-f8805aae-6351-43fa-ba3b-ef231f882e4e,Google Play,App review,2026-07-18,5,,"I have been using Blinkit for my groceries for a long time now, and I truly want to appreciate this amazing app. Blinkit has completely changed the way we shop for daily essentials. Earlier, going to the market for groceries meant spending so much time traveling, standing in long queues, and carrying heavy bags back home. But with Blinkit, everything has become so easy and convenient. Just a few taps on the phone and all our groceries are delivered to our doorstep. What Ito say your wow",https://play.google.com/store/apps/details?id=com.grofers.customerapp&reviewId=f8805aae-6351-43fa-ba3b-ef231f882e4e,4,18.9.3,en,Detailed review export,491
GP-D-0772d939-2469-4e12-9b29-9682a509c847,Google Play,App review,2026-07-21,1,,"Edit: New rating (-1000) Reason: 1) Removing cash on Delivery to customers who request refund for faulty products that they receive. 2) Not responding to emails. Absolute disaster of an app. For an order 'they' made a mistake of sending one product instead of another. For that single order, we have been trying get a resolution since 3 days. Support is unavailable and if you write an email, they increase problems instead of reducing it. Again, most emails are also automated responses.",https://play.google.com/store/apps/details?id=com.grofers.customerapp&reviewId=0772d939-2469-4e12-9b29-9682a509c847,11,18.9.3,en,Detailed review export,488
GP-D-af0e8e82-3c09-45f9-979b-7ba30465abff,Google Play,App review,2026-07-16,2,,"Scandalous App If you can go to market even with substantial difficulty, don't even think about using this. They don't allow you to order 4 portions of any vegetable, so that they can double the delivery charges. For example, I was trying for chilli @23/250gms, it didn't allow more than 3 of them, and the overall charge was ₹140. ₹140 for 750gms of chilli.",https://play.google.com/store/apps/details?id=com.grofers.customerapp&reviewId=af0e8e82-3c09-45f9-979b-7ba30465abff,4,18.9.3,en,Detailed review export,358
GP-D-a85b2ce0-aa16-4c4f-849a-c7db853f832f,Google Play,App review,2026-07-26,1,,"over all it was the worst experience with blinkit . wrong persons, staff , and miss communication through app . untill payment it is showing placing order . and after completing payment rider is asking that it will be not delivered. so kindly request for all don't use it . there are other options also . worst worst worst experience...so 1 star from my side ......",https://play.google.com/store/apps/details?id=com.grofers.customerapp&reviewId=a85b2ce0-aa16-4c4f-849a-c7db853f832f,1,18.13.0,en,Detailed review export,365
GP-D-486fda78-8a6f-45fc-8ebd-942e01050a05,Google Play,App review,2026-07-26,1,,"My recent experience on Blinkit has been terrible. They have disabled the request of Return COMPLETELY. They have disabled that option for customer care services also- so they won't be able to help you. I have used Blinkit since many years and almost used to love everything about it. Until the product started coming damaged, the packaging was smelly and now YOU CANNOT RETURN A PRODUCT you mistakenly ordered. There are better applications with lower prices and faster deliveries out there now.",https://play.google.com/store/apps/details?id=com.grofers.customerapp&reviewId=486fda78-8a6f-45fc-8ebd-942e01050a05,1,18.13.0,en,Detailed review export,496
GP-D-ef4aae57-167c-42dd-b17d-634379083278,Google Play,App review,2026-07-21,1,,"Please make sure to check what you want 100 times before order it using Blinkit. if you order by mistake any product forget refund or replacement, complete money will be wasted. Be careful while ordering, make sure to order what you want to save your money. My experience regarding memory card purchase was totally money loss as I order by mistake wrong confirmation and now no replacement or refund complete 5.5 k wasted. Thanks Blinkit",https://play.google.com/store/apps/details?id=com.grofers.customerapp&reviewId=ef4aae57-167c-42dd-b17d-634379083278,1,18.9.3,en,Detailed review export,437
GP-D-7956086b-f9a4-48fe-8265-708ed15eb523,Google Play,App review,2026-07-09,5,,"i usually don't review any app or website but blinkit is genuinely a great app to order the groceries. what ever i want , is on this app . it really reduced my burden a lot because before blinkit I used to go a long way to the market by myself but now I can see the daily uses on my doorstep just due to blinkit. Dilivery is just soo fast , employee's behaviour is great and the quality of food and goods are brilliant . so for me blinkit is the best app I've ever seen.",https://play.google.com/store/apps/details?id=com.grofers.customerapp&reviewId=7956086b-f9a4-48fe-8265-708ed15eb523,6,18.9.2,en,Detailed review export,470
GP-D-d8974bf8-55e9-4b5c-916d-74364e82a7bb,Google Play,App review,2026-07-30,1,,"It is okay till the time you dont give a feedback or have a complaint. Rude customer care who shouts, zero understanding of customer service, and taking orders with advance payment and then cancel without informing!!! for me its only for absolutely umergency requirements which Big Basket, Instamart or Amazon Now can not deliver. otherwise a BIG NO to Blinkit.",https://play.google.com/store/apps/details?id=com.grofers.customerapp&reviewId=d8974bf8-55e9-4b5c-916d-74364e82a7bb,0,18.13.0,en,Detailed review export,361
GP-D-0b76f5e0-6cf3-4727-9265-34c23b8062e3,Google Play,App review,2026-07-25,5,,"⭐⭐⭐⭐⭐ Blinkit has been a great experience. The delivery is usually very fast, the app is easy to use, and the products are well packed. I also like the wide variety of items available and the convenience of getting daily essentials delivered within minutes. Overall, it's a reliable service and saves a lot of time. Keep up the good work!!",https://play.google.com/store/apps/details?id=com.grofers.customerapp&reviewId=0b76f5e0-6cf3-4727-9265-34c23b8062e3,1,18.9.3,en,Detailed review export,339
GP-D-d98545e1-da7c-48c6-b3a4-b7fa14093829,Google Play,App review,2026-07-10,4,,"10th. July. Getting dissatisfied. It shows 8 mins to deliver while ordering, once the order is placed it skips to 18mins. So actually it will be delivered in 20-25 mins in real time. Is it time to look out for new options? Been using the app for years now. But currently facing problem as the delivery person is being shown some other route to my residence on map. Please look into the matter as it's an inconvenience to both the delivery person & customer.",https://play.google.com/store/apps/details?id=com.grofers.customerapp&reviewId=d98545e1-da7c-48c6-b3a4-b7fa14093829,9,18.9.2,en,Detailed review export,457
GP-D-e17a436e-e2df-426c-b6c1-4d20bf785fcf,Google Play,App review,2026-07-19,1,,"Hello Blinkit Support Team, I am facing an issue with the Blinkit app. Whenever I open the app, it shows ""Location Unavailable"" and I am unable to access the service or place any orders. My location services are turned on and internet connection is working properly, but the issue still persists. Kindly check and resolve this problem as soon as possible. Please let me know if any additional information is required. very worst app Thank you.",https://play.google.com/store/apps/details?id=com.grofers.customerapp&reviewId=e17a436e-e2df-426c-b6c1-4d20bf785fcf,3,18.9.3,en,Detailed review export,443
GP-D-7bfcc293-4b23-4b14-a338-6f3172423fa8,Google Play,App review,2026-07-18,1,,"⚠️ Beware of Blinkit's ""Buy 1 Get 1 Free"" offers. The free product is not added to your cart automatically. You have to add it yourself. If you aren't aware of this or simply forget to add the free item, Blinkit will deliver only one product—even though the offer is advertised as ""Buy 1 Get 1 Free."" Double-check your cart before placing your order to make sure the free item has been added.",https://play.google.com/store/apps/details?id=com.grofers.customerapp&reviewId=7bfcc293-4b23-4b14-a338-6f3172423fa8,3,18.9.3,en,Detailed review export,392
GP-D-308299d1-9daa-4521-b346-e92caac0a974,Google Play,App review,2026-07-17,2,,"I don't want to give this rating, but I feel I have to because Blinkit needs to improve a few things. Sometimes I receive expired products, which is completely unacceptable. Please make sure all products are checked before they are sent to customers. I also face location issues. Even though I have already saved my correct address, riders sometimes ask me to share my current location because the app shows a different location. This causes unnecessary delays and confusion. Please fix the locatio",https://play.google.com/store/apps/details?id=com.grofers.customerapp&reviewId=308299d1-9daa-4521-b346-e92caac0a974,4,18.9.3,en,Detailed review export,498
GP-D-5449efb5-3eb3-4a7c-a3a9-3e75e1982a4e,Google Play,App review,2026-07-29,5,,"“Really impressed with Blinkit! The delivery is super fast, products are fresh, and the app is very easy to use. I’ve ordered groceries, snacks, and daily essentials multiple times, and the experience has always been smooth. The delivery partners are polite and orders usually arrive before the expected time. Very convenient for busy schedules. Highly recommended!”",https://play.google.com/store/apps/details?id=com.grofers.customerapp&reviewId=5449efb5-3eb3-4a7c-a3a9-3e75e1982a4e,12,18.9.3,en,Detailed review export,366
GP-D-89f6a996-5519-4aea-904b-b0a27b0175f0,Google Play,App review,2026-07-21,4,,"The most convenient and the best of all the groceries at one stop. It's affordable and fastest too! Just one thing, kindly provide the change to the delivery assistant if the customers are requesting and it would be greatly appreciated. Thanks",https://play.google.com/store/apps/details?id=com.grofers.customerapp&reviewId=89f6a996-5519-4aea-904b-b0a27b0175f0,3,18.9.3,en,Detailed review export,243
GP-D-e6b375cd-7efc-49ae-9a9f-faa7bbd7059a,Google Play,App review,2026-07-30,1,,Items were missing from my order and customer support didn't even try to help me or address my issue they were just ending the chat saying customer support is hampered and the delivery partner had blocked my number. Very poor service won't advise anyone to use this app. They didn't even try. Worst service Blinkit.,https://play.google.com/store/apps/details?id=com.grofers.customerapp&reviewId=e6b375cd-7efc-49ae-9a9f-faa7bbd7059a,1,18.13.0,en,Detailed review export,315
GP-D-e20de378-61b0-47ee-8b9e-9fb44ab4c61f,Google Play,App review,2026-07-27,2,,"Hi! Would have suggested this app to others but not anymore, cause as mentioned by the government the delivery app is not suppose to charge any additional extra fees but BLINKIT is doing so, whereas I only wanted 2 products but BLINKIT is charging extra i.e My total product price cost ₹191/- +where the app is charging me Handling charge₹5/- +Delivery Charge ₹30/- So My grand total comes to ₹226/- I would like this issue to be resolved or else I have to raise this concern is the Consumer forum",https://play.google.com/store/apps/details?id=com.grofers.customerapp&reviewId=e20de378-61b0-47ee-8b9e-9fb44ab4c61f,0,18.13.0,en,Detailed review export,497
GP-D-324f753b-dec1-470f-a044-c3810cb65a90,Google Play,App review,2026-07-30,2,,"I'm using this app and it really good and time saving if u can't reach supermarket... but from my few orders experience it's made me to write this review....is there a shortage of bags , coz spacially my products are coming fully wet in rain ... please blinkit fix this problem, if there no bags available please no need to accept orders",https://play.google.com/store/apps/details?id=com.grofers.customerapp&reviewId=324f753b-dec1-470f-a044-c3810cb65a90,0,18.13.0,en,Detailed review export,337
GP-D-63fd9feb-3176-4c30-b825-74ec9473179a,Google Play,App review,2026-07-30,1,,"All the online groceries service have the same pattern. first they give the offer to make customers and then slowly once the customer starts relying on their service, all of sudden there is inlogical customer support for your concern. they don't bother if you have any issues with the order and in call or email simply you gets such a convenient reply - Thank you for getting in touch with us. We sincerely apologize for any inconvenience caused and so on... 😂",https://play.google.com/store/apps/details?id=com.grofers.customerapp&reviewId=63fd9feb-3176-4c30-b825-74ec9473179a,0,18.13.0,en,Detailed review export,460
GP-D-705b9e54-6c43-4201-bc5f-f81ccbee4174,Google Play,App review,2026-07-30,1,,"Dear Blinkit Support, I am writing to raise a complaint regarding Order I ordered a B-type charging cable through the Blinkit app, but I received an iPhone charging cable instead. Within approximately 5 minutes of receiving the delivery, I immediately raised a return/replacement request through the app. Shortly thereafter, I received a call from your customer support team informing me that a return was not possible. Despite explaining that the wrong item had been delivered",https://play.google.com/store/apps/details?id=com.grofers.customerapp&reviewId=705b9e54-6c43-4201-bc5f-f81ccbee4174,2,18.13.0,en,Detailed review export,477
GP-D-961dbaac-b002-4224-93fa-48f8ffff082c,Google Play,App review,2026-07-14,1,,The order was not delivered and it showed in aap delivered. I paid extra as a rain surcharge as well. Post raising complaint they said checked with delivery partner it was delivered. Very pathetic after sale service. Seriously no otp verification during delivery. Guys don't order any valuable items. I saved since the order value was only 374.,https://play.google.com/store/apps/details?id=com.grofers.customerapp&reviewId=961dbaac-b002-4224-93fa-48f8ffff082c,5,18.9.3,en,Detailed review export,344
GP-D-91f9f86a-b0b4-445e-b875-4c8f993d27d2,Google Play,App review,2026-07-30,4,,I ordered some raisins once and they were black instead of their original colour and when i tried to return them they said they cannot help me with my request. Please try to fix your return system blinkit. Everything else in the app is actually VERY impressive. I use this app to order plenty of items and they come very fast.,https://play.google.com/store/apps/details?id=com.grofers.customerapp&reviewId=91f9f86a-b0b4-445e-b875-4c8f993d27d2,0,18.13.0,en,Detailed review export,326
GP-D-a78eea5c-14fa-4af8-936f-5c73df489557,Google Play,App review,2026-07-15,4,,"#1.Under ""Order history"" section, could you please add a TAB for PENDING RATING orders, upon clicking on which all the orders (which I haven't yet rated) loaded in front of me. Because in current situation, post rating an old order, it refreshes the list and scroll back to top, that's too much irritating to scroll down back to pending ones, please do something. Also add one tab for ALL orders, which shows all order again. #2. Please add feedback section with feedback history in app. Regards,",https://play.google.com/store/apps/details?id=com.grofers.customerapp&reviewId=a78eea5c-14fa-4af8-936f-5c73df489557,15,18.9.3,en,Detailed review export,496
GP-D-df76ab0b-16f4-41ee-a72c-79e0560553a6,Google Play,App review,2026-07-20,4,,many items can be good while some can be average..most of the times...only some items can be bad to be bought..delivery speed and rates are worth it so is the product quality...some products can be very near to expiry date...but that's something people ordering should check while receiving otherwise all good..😊,https://play.google.com/store/apps/details?id=com.grofers.customerapp&reviewId=df76ab0b-16f4-41ee-a72c-79e0560553a6,3,18.9.3,en,Detailed review export,312
GP-D-df5389b9-ba82-467d-9911-fdf777d771b1,Google Play,App review,2026-07-25,1,,I ordered Garnier hair colour with advance payment from this app. Box of the hair colour was already open & the item was used. I chatted with their assistant. They called me & said that the item came from the brand itself & that they can't do anything in this case even if it's used. They refused to give me replacement or refund.,https://play.google.com/store/apps/details?id=com.grofers.customerapp&reviewId=df5389b9-ba82-467d-9911-fdf777d771b1,3,18.13.0,en,Detailed review export,330
GP-D-730d767f-de04-4e61-89bc-be6786c191f2,Google Play,App review,2026-07-28,2,,it app is very easy to order but. I have ordered one c type connector but it's not working when i try to exchange that problem their is no option in this app and i wrote mails also they didn't resolve my issue if you want order any electronic thinks don't order others app better than this they provide return and exchange and refund also if product is not good in this add every time need to write a mail if product is not good this not good app time wast money also waste.offically uninstalling app,https://play.google.com/store/apps/details?id=com.grofers.customerapp&reviewId=730d767f-de04-4e61-89bc-be6786c191f2,1,18.13.0,en,Detailed review export,500
GP-D-03af9982-cbf4-4dbe-8fb8-8e18b7963e76,Google Play,App review,2026-07-20,2,,"I ordered a burfi pack, and they delivered half eaten, open packaged burfi. now this is a new experience, I have been using Bigbasket for a while but they never delivered half eaten open food items before. I recorded the video, and after the pickup, they will refund, but I am not sure if this pickup will be hassle free. this is quite pathetic actually. they keep costly brands, then they deliver it half eaten. Time is wasted plus the customer is on merci of the ex. assistant.",https://play.google.com/store/apps/details?id=com.grofers.customerapp&reviewId=03af9982-cbf4-4dbe-8fb8-8e18b7963e76,3,18.9.3,en,Detailed review export,479
GP-D-5640a33c-e33c-4a6d-912e-2d66eb55f209,Google Play,App review,2026-07-14,1,,worst instant delivery platform ever cause there have been no issues to get your sort out your issues and moreover it has issues regarding cancellation refund etc sometimes they do not accept the cash on delivery sometimes they increase the charge too much regarding the handling charge delivery charge and some type of small cart charge.,https://play.google.com/store/apps/details?id=com.grofers.customerapp&reviewId=5640a33c-e33c-4a6d-912e-2d66eb55f209,7,18.9.3,en,Detailed review export,338
GP-D-c163dee6-7393-4a76-a48c-254b9f2a0ac9,Google Play,App review,2026-07-14,1,,I am having the worst experience on this app right now. Before a few days they were delivering at my location and i ordered some products but now they suddenly stopped delivering when I tried readjusting my pin I found out they delivered just half a kilometre ahead from my location and not delivering at my location which is just half a kilometre ahead. I am very frustrated with this and now deleted the app because it is not fixing for many days.,https://play.google.com/store/apps/details?id=com.grofers.customerapp&reviewId=c163dee6-7393-4a76-a48c-254b9f2a0ac9,8,18.9.3,en,Detailed review export,449
GP-D-e77e757f-d691-447b-a3a2-5fc06667ab93,Google Play,App review,2026-07-30,1,,"I'd give zero stars if I could. order gets delayed often, sometimes by 45-50 mins. customer support is extremely unhelpful and you're forced to talk to an AI which doesn't understand the concern. better to get some alternative and not this.",https://play.google.com/store/apps/details?id=com.grofers.customerapp&reviewId=e77e757f-d691-447b-a3a2-5fc06667ab93,1,18.13.0,en,Detailed review export,240
GP-D-6be16c69-8b87-466d-9344-fd74488247ef,Google Play,App review,2026-07-28,1,,"Very disappointed with Blinkit. My order was delivered with a missing item (Cadbury Dairy Milk Mini Treats worth ₹149). I reported it immediately and even tried calling the delivery partner, but received no response. Blinkit rejected my complaint based only on internal records without providing any evidence that the item was packed or delivered. After multiple follow-ups and no fair resolution, I had to escalate the matter to the National Consumer Helpline. Poor customer support.",https://play.google.com/store/apps/details?id=com.grofers.customerapp&reviewId=6be16c69-8b87-466d-9344-fd74488247ef,1,18.9.3,en,Detailed review export,484
GP-D-e71f6ea8-15fd-43a4-b20b-394be3596cb0,Google Play,App review,2026-07-28,1,,They will not provide the free items which they displayed. after delivery they will tell that the store manager refused to take free item and also he said please raise ticket you wilm get refund. while seeking need a help from app simply chatted for 1 hours with out any solutions. They simple write the mesage i apologize for the same.,https://play.google.com/store/apps/details?id=com.grofers.customerapp&reviewId=e71f6ea8-15fd-43a4-b20b-394be3596cb0,1,18.13.0,en,Detailed review export,336
GP-D-6ef18eee-6f90-4d3e-8bbc-05c73a6ed18c,Google Play,App review,2026-07-29,3,,"the products are bit overpriced, plus I used to love blinkit, it was so convenient but now they have increased the handling charge, like all other apps, which was not there, the price of handling charge is more than double the previous handling charges",https://play.google.com/store/apps/details?id=com.grofers.customerapp&reviewId=6ef18eee-6f90-4d3e-8bbc-05c73a6ed18c,1,18.13.0,en,Detailed review export,252
GP-D-e67d6f46-787d-43e2-bb47-6266908639ea,Google Play,App review,2026-07-26,5,,"I forgot to print a very important document on one of the most important days, and at 6:00 a.m. I was in complete panic. I ordered it on Blinkit, and to my surprise, it arrived in just 15 minutes! Absolutely unbelievable service. Blinkit literally saved my day. Super fast, reliable, and incredibly convenient, even early in the morning. Hands down one of the best delivery apps ever. Highly recommended!",https://play.google.com/store/apps/details?id=com.grofers.customerapp&reviewId=e67d6f46-787d-43e2-bb47-6266908639ea,1,18.9.3,en,Detailed review export,404
GP-D-05968d42-9b58-4444-83bb-ec38b2c5b665,Google Play,App review,2026-07-13,1,,I bought a mercely's icecream in blinkit and when it arrived the packet cover was broken and I did the feedback with photos and videos of it and they said they can't do a replacement for the product or do a proper refund they told they can only give a coupon of the price of icecream which can be used for a limited time. and whatever number of products we buy they don't give us any carry bags or anything they just hand every products to our bare hands.Worst ordering app I have ever used,https://play.google.com/store/apps/details?id=com.grofers.customerapp&reviewId=05968d42-9b58-4444-83bb-ec38b2c5b665,3,18.9.3,en,Detailed review export,490
GP-D-300b6eef-3ad0-46e8-8fec-486b86f415ac,Google Play,App review,2026-07-09,5,,"⭐⭐⭐⭐⭐ Excellent Service! Blinkit has made shopping incredibly convenient. The delivery is impressively fast, the app is easy to use, and the products are fresh and well-packed. I appreciate the wide range of groceries, household essentials, and daily needs available at competitive prices. The delivery partners are courteous, and my orders have consistently arrived on time. Overall, Blinkit has saved me both time and effort. Highly recommended for anyone looking for a reliable and efficient.",https://play.google.com/store/apps/details?id=com.grofers.customerapp&reviewId=300b6eef-3ad0-46e8-8fec-486b86f415ac,4,18.9.2,en,Detailed review export,495
GP-D-628df959-8638-4d48-b192-e14731a0dc65,Google Play,App review,2026-07-22,1,,"This has been multiple times when wrong items were delivered. I don't understand how this happens again and again. Seems like the process is not set properly. I had even worst experience with my refund. Blinkit paid partially to my accounts and partially to my wallet claiming it to be technical issue and is not ready to pay me back. This is going to take a very ugly turn now. Starting with legal case of fraud and harassment, followed with all social media posting of entire chat recordings.",https://play.google.com/store/apps/details?id=com.grofers.customerapp&reviewId=628df959-8638-4d48-b192-e14731a0dc65,22,18.13.0,en,Detailed review export,494
GP-D-f630a5f4-133d-4d0f-91ee-60a94c7fec8c,Google Play,App review,2026-07-17,1,,"Very disappointing support. The app showed a ""Retry Payment"" option, which resulted in a duplicate order. I accepted one order and cancelled the duplicate, but Blinkit still charged a ₹20 cancellation fee for an issue caused by its own payment flow. The support chat closed automatically and didn't even provide a text box to reply. Poor customer service and an unfair policy. Please fix this.",https://play.google.com/store/apps/details?id=com.grofers.customerapp&reviewId=f630a5f4-133d-4d0f-91ee-60a94c7fec8c,4,18.9.3,en,Detailed review export,393
GP-D-ea06f87d-fe87-4a8c-97c7-3ead0694f4a8,Google Play,App review,2026-07-16,1,,"I ordered a face wash from this app, but it was expired when I received it. I then filed a complaint for a replacement, and the replacement product was also expired. When I requested a refund, they offered me a coupon instead. The very next day, I decided to order the face wash again, but to my disappointment, it arrived expired once again. This is the kind of service and quality they are providing to customers.Also, I advise everyone to always check the expiry date of any product you order fr",https://play.google.com/store/apps/details?id=com.grofers.customerapp&reviewId=ea06f87d-fe87-4a8c-97c7-3ead0694f4a8,3,18.9.3,en,Detailed review export,498
GP-D-53514ce5-1fc2-4c23-90d9-035afbb57400,Google Play,App review,2026-07-18,5,,"Blinkit has honestly been one of the best apps I've ever downloaded, and it has completely changed the way I shop for groceries and everyday essentials. Before using Blinkit, I used to spend a lot of time traveling to stores, searching for products, waiting in long checkout lines, and carrying heavy bags back home. Now, everything I need is available right at my fingertips, and I can order it in just a few minutes without leaving my house. The entire experience is smooth and convenient",https://play.google.com/store/apps/details?id=com.grofers.customerapp&reviewId=53514ce5-1fc2-4c23-90d9-035afbb57400,4,18.9.3,en,Detailed review export,490
GP-D-1f9437bd-bc63-410b-81f5-2bcde59d5455,Google Play,App review,2026-07-22,1,,"Well, I was a regular blinkit customer when I used to live in the metro city, But today when I was placing orders from my location to some other place ( Order for someone else ) the blinkit was showing service unavailable, I was trying to place the order many times, Refreshing it after every 10-20 minutes but still it is showing unavailable service please try afterwards. This is not at all good totally disappointing",https://play.google.com/store/apps/details?id=com.grofers.customerapp&reviewId=1f9437bd-bc63-410b-81f5-2bcde59d5455,3,18.9.3,en,Detailed review export,419
GP-D-f29694ee-857a-4e7f-a40d-e12e13a7b06c,Google Play,App review,2026-07-16,1,,"Hi Blinkit Support, I received my order after around 25 minutes, but the experience was disappointing. The delivery agent's call audio was barely audible, he reached the wrong location despite the correct address, and I had to walk outside my street to collect the order. This defeated the purpose of ordering online. Considering the inconvenience caused, I request a goodwill compensation in the form of Blinkit Cash or a coupon. Thank you.",https://play.google.com/store/apps/details?id=com.grofers.customerapp&reviewId=f29694ee-857a-4e7f-a40d-e12e13a7b06c,4,18.9.3,en,Detailed review export,441
GP-D-fc645432-d0d5-466d-913d-1f5790590b22,Google Play,App review,2026-07-07,1,,"I accidentally made a payment on the Blinkit app about 6 weeks ago without placing an order. I received a message saying that the amount would be refunded within 7 working days, but I still haven't received my money. When I contacted the help desk through chat, I couldn't reach a customer support representative. I keep getting the same automated response saying that the refund will be processed within 7 days. This delay is unacceptable. If my refund is delayed any further, I will be forced to",https://play.google.com/store/apps/details?id=com.grofers.customerapp&reviewId=fc645432-d0d5-466d-913d-1f5790590b22,4,18.9.2,en,Detailed review export,497
GP-D-8f5ed530-8ffb-4361-a4f9-807097282509,Google Play,App review,2026-07-16,1,,They just keep going Down with service; it's never Available.. Although my place is right next to the Warehouse.. Previous Review at 3 stars: I don't think you'll last long with level of service in Margao it's been too frequent that orders are being cancelled or delayed (also tampered with once) atleast keep COD 'on' so we don't have to wait for refund when you fail at your commitment.,https://play.google.com/store/apps/details?id=com.grofers.customerapp&reviewId=8f5ed530-8ffb-4361-a4f9-807097282509,2,18.9.3,en,Detailed review export,388
GP-D-88895801-0339-4d8c-bba6-506a6ee26bf2,Google Play,App review,2026-07-11,1,,"I am extremely disappointed with Blinkit. I informed your team that my brother had recently passed away, so I was unable to go to the market. Because of this, I placed an online order worth around ₹10,000 for essential items. When the order arrived, some products were missing. I reported the issue immediately. First, your customer support assured me that the missing products would be sent. Later, I was told I would receive a refund. In the end, neither the missing products nor the promised refu",https://play.google.com/store/apps/details?id=com.grofers.customerapp&reviewId=88895801-0339-4d8c-bba6-506a6ee26bf2,6,18.9.3,en,Detailed review export,499
GP-D-650e3782-ff1b-4ff3-9238-f8732764aa76,Google Play,App review,2026-07-21,1,,service quality keeps going down. Dont order more than 2 or 3 items at a time from this app because you can be 100% sure they wont deliver the rest. For the devs: why do you need my order id when this is an issue with all your orders? You break a small order into multiple pieces without informing the customer with different people carrying different stuff some of which dont even reach. You dont have a feasible upi payment option either so I have to prepay.,https://play.google.com/store/apps/details?id=com.grofers.customerapp&reviewId=650e3782-ff1b-4ff3-9238-f8732764aa76,2,18.9.3,en,Detailed review export,460
GP-D-c527f05e-b0c0-460b-bbb3-5cee745bfb53,Google Play,App review,2026-07-26,5,,"""Amazing experience with Blinkit!🐥 The delivery was super fast,the products were fresh and well-packed☺, and the app is very easy to use.🤍 It saves so much time, especially🗣️ when you need something urgently. Highly recommended 💎for quick and reliable🦄 grocery delivery!"" ❤",https://play.google.com/store/apps/details?id=com.grofers.customerapp&reviewId=c527f05e-b0c0-460b-bbb3-5cee745bfb53,0,18.9.3,en,Detailed review export,273
GP-D-b5cf0319-0809-49f8-8071-1fb3ab5423d4,Google Play,App review,2026-07-20,1,,Complete mis-organised company and staff. I had placed two orders from the blinkit app and the address is in the saved list. while I placed the order with my location live. Says 1.8km away so not sure where they have a store near my house but my saved address is very correct and when the delivery agent calls shows a different location in his map. so disappointed with the customer staff and behaviour. I was charged a cancellation fee as he says it's not a delivery area. No number to call,https://play.google.com/store/apps/details?id=com.grofers.customerapp&reviewId=b5cf0319-0809-49f8-8071-1fb3ab5423d4,2,18.9.3,en,Detailed review export,491
GP-D-3b2fb240-7ea6-4325-83b1-f97a76acc22b,Google Play,App review,2026-07-13,5,,"Hands down the best quick delivery app in India!!! Reasons for 5 stars: 1) quick delivery, never faced delivery time of beyond 10 minutes. 2) product restocking - generally Bigbasket or any other apps take 2-3 days for restocking the sold out items but here in maximum 24 hour of timeframe the item will be available again. 3) quick assistance for order cancellation and even quicker refund process. 4) the UI of the app itself is worth of 5 stars (Jiomart dev's should learn something from it).",https://play.google.com/store/apps/details?id=com.grofers.customerapp&reviewId=3b2fb240-7ea6-4325-83b1-f97a76acc22b,3,18.9.3,en,Detailed review export,495
GP-D-43ec75d8-2296-441f-8329-d41a0281e6a6,Google Play,App review,2026-07-12,1,,i have order some items but one item is missing but it is showing in bill so I contact customer care that item is out of stock at Dark store. If item is out of stock it should not be in my bill. if i have not checked properly then they just charge me with out delivery. i don't get any refund or coupon for missing item. worst service,https://play.google.com/store/apps/details?id=com.grofers.customerapp&reviewId=43ec75d8-2296-441f-8329-d41a0281e6a6,4,18.9.3,en,Detailed review export,334
GP-D-53fb5054-1090-43bb-a3c3-4b4a445f8640,Google Play,App review,2026-07-20,1,,"★☆☆☆☆ – Completely Disappointed, Waste of Money I am extremely disappointed with the Hammer 8-in-1 USB Type-C Hub. I bought this product specifically to use with my Samsung Galaxy Tab A9+, but it does not work at all. The hub is completely incompatible with the tablet, making it useless for my needs. The biggest problem is that the product information does not clearHere's a strongly negative review that stays factual and focuses on your experience: Writing ★☆☆☆☆ – Completely Disappointed",https://play.google.com/store/apps/details?id=com.grofers.customerapp&reviewId=53fb5054-1090-43bb-a3c3-4b4a445f8640,2,18.9.3,en,Detailed review export,492
GP-D-3a8c494c-10f9-4158-a2e5-0ba9f72fb689,Google Play,App review,2026-07-22,5,,"yesterday I want to purchase a engineering calci but I couldn't find it. because it was already 10 pm, suddenly I remember blinkit then I installed the app I booked the engineering calci i received it with in 10 mins that was really awesome i couldn't believe how fast my tension was gone. Thank you blinkit",https://play.google.com/store/apps/details?id=com.grofers.customerapp&reviewId=3a8c494c-10f9-4158-a2e5-0ba9f72fb689,2,18.9.3,en,Detailed review export,307
GP-D-f05e20cd-a258-4635-8c76-94e1c355f686,Google Play,App review,2026-07-22,1,,one of the item is missing from the past 3-4 times and now they are saying we delivered it but I didn't get it. paying extra just to be delivered less items. it's a very malicious act. Deleting the app,https://play.google.com/store/apps/details?id=com.grofers.customerapp&reviewId=f05e20cd-a258-4635-8c76-94e1c355f686,1,18.9.3,en,Detailed review export,201
GP-D-170ce0c4-9855-4ac0-a8b9-4ec729de7aed,Google Play,App review,2026-07-26,5,,Good. The delivery timings are always met. The delivered items as per order are in sync except few isolated cases. The delivered product comes intact as from shelf except very few exceptions wherein handling wear and tear noticed. I am frequent user.,https://play.google.com/store/apps/details?id=com.grofers.customerapp&reviewId=170ce0c4-9855-4ac0-a8b9-4ec729de7aed,0,18.13.0,en,Detailed review export,250
GP-D-2cb09600-866c-4a60-b681-a83b02aa38cf,Google Play,App review,2026-07-29,5,,"Best instant delivery app, no extra charges ,delivery is within 7 minutes . If you are in hurry and can't go to shop Blinkit is the best option .You can get all products A-Z ,all daily essentials, even you can order phone, TV , PS5!! and they'll deliver within an hour .Best experience with Blinkit so far ,just go for it!",https://play.google.com/store/apps/details?id=com.grofers.customerapp&reviewId=2cb09600-866c-4a60-b681-a83b02aa38cf,1,18.13.0,en,Detailed review export,322
GP-D-3ee667b2-515b-4fff-ac9f-6be68c123ba0,Google Play,App review,2026-07-10,5,,blinkit is a really good app for affordable and getting anything delivered anytime. The only problem is the lack of cancellation or return option. Why isn't there a clear return or cancellation button but instead an ai assistant that makes 0 sense and doesn't work properly. Maybe actually keep a real person for the customer chat and not automated chat as it is very difficult to access.,https://play.google.com/store/apps/details?id=com.grofers.customerapp&reviewId=3ee667b2-515b-4fff-ac9f-6be68c123ba0,7,18.7.0,en,Detailed review export,388
GP-D-712c11ed-93f6-457d-9166-18333ef6f2cc,Google Play,App review,2026-07-29,5,,"Unmatched Quality, Genius Design, and Total Game-Changer! ​I rarely leave reviews, but after using this kit consistently over the past few weeks, I felt compelled to share my experience. Simply put, this is hands-down one of the best investments I have ever made. From the moment the package arrived, it was clear that the creators put an immense amount of thought, care, and precision into every single detail. ​Unboxing & First Impressions ​The packaging alone deserves a five-star rating.",https://play.google.com/store/apps/details?id=com.grofers.customerapp&reviewId=712c11ed-93f6-457d-9166-18333ef6f2cc,0,18.13.0,en,Detailed review export,491
GP-D-b106805a-33c7-4e93-b456-7001c1618375,Google Play,App review,2026-07-23,1,,"Extremely Disappointed with the Service – Beware! ​I placed an order worth ₹155 today. The app shows that the order has been delivered, but I have not received it. On top of that, the delivery agent called me and gave false assurances about the delivery, but never delivered it! ​My money was deducted without delivering the parcel. This is terrible service and totally unacceptable. Everyone, please beware of this app! I demand an immediate refund for my money.😡😡😡😡😡😡",https://play.google.com/store/apps/details?id=com.grofers.customerapp&reviewId=b106805a-33c7-4e93-b456-7001c1618375,2,18.13.0,en,Detailed review export,469
GP-D-ae3ba5f1-da53-4af6-80d2-d02f8ce7ab89,Google Play,App review,2026-07-17,1,,"Very disappointing experience with this app. I purchased the Fiama Shower Gel and Renee Lip Gloss under a Buy 1 Get 1 offer, but I received only one item. When I contacted customer support, the first representative assured me that I would receive a refund. However, after my call was transferred to another representative, I was told that neither a refund nor a return was possible. This is completely unacceptable. The customer service is inconsistent and unhelpful. I feel misled and cheated.",https://play.google.com/store/apps/details?id=com.grofers.customerapp&reviewId=ae3ba5f1-da53-4af6-80d2-d02f8ce7ab89,1,18.9.3,en,Detailed review export,494
GP-D-ec764e19-b717-4aee-824f-38e496758a37,Google Play,App review,2026-07-21,1,,"​Worst experience with Blinkit. I was accidentally charged twice for a single order—first through the app interface and then again via the delivery partner's payment link/QR code. The amount was debited from my bank account both times. ​To make matters worse, the delivery partner misbehaved with me at my doorstep while pushing for the second payment. He assured me that the extra amount would be refunded within 5 to 7 business days, but today is the 6th day and I still haven't received my refund",https://play.google.com/store/apps/details?id=com.grofers.customerapp&reviewId=ec764e19-b717-4aee-824f-38e496758a37,2,18.9.3,en,Detailed review export,499
GP-D-5ec3cbd6-f266-43cd-8cba-0afc832b195a,Google Play,App review,2026-07-20,5,,"My order was delivered very quickly, the packaging was neat, and all the products were fresh and exactly as ordered. The app is easy to use, and the delivery partner was polite and professional. Overall, a smooth and reliable service. Highly recommended for quick grocery shopping! 😊",https://play.google.com/store/apps/details?id=com.grofers.customerapp&reviewId=5ec3cbd6-f266-43cd-8cba-0afc832b195a,2,18.9.3,en,Detailed review export,283
GP-D-e1bca78c-c2bf-495b-8935-dd86e484b8b6,Google Play,App review,2026-07-30,4,,"My experience with blinkit was nice, the delivery partners had a very polite behaviour and professional attitude, expect some (1-2), beyond that service was nice and fast, product came clean and the paper bags were also good. But in Srinagar, blinkit does have much options currently. And also it takes them a lot of time to restock items, hope this issues resolves in future.",https://play.google.com/store/apps/details?id=com.grofers.customerapp&reviewId=e1bca78c-c2bf-495b-8935-dd86e484b8b6,0,18.13.0,en,Detailed review export,376
GP-D-9d1f2091-bb08-4e89-9550-2c2af3bd564a,Google Play,App review,2026-07-27,1,,"Hello, I'm disappointed with the delivery experience. Your service advertises **door-to-door delivery**, but every time I place an order, the rider calls me from the road while sitting on their bike and asks me to come downstairs to collect it. I live on the 2nd floor. It's not that I'm unable to come down, but if your service promises door-to-door delivery, I expect the order to be delivered to my flat unless there is a genuine reason that makes it impossible.",https://play.google.com/store/apps/details?id=com.grofers.customerapp&reviewId=9d1f2091-bb08-4e89-9550-2c2af3bd564a,0,18.13.0,en,Detailed review export,465
GP-D-581bf5fe-ab42-4c13-93da-b41c4058b9c0,Google Play,App review,2026-07-11,1,,"I've complained about this issue over 10 times but nothing has changed. Blinkit keeps packing heavy items like milk in thin paper bags that tear, leaving my groceries scattered across the floor. Customer support only repeats, ""Sorry, it won't happen again,"" yet it always does. Offering a ₹9 handling charge refund is not a solution. Poor packaging, poor customer service, no accountability. I wouldn't recommend ordering heavy items from Blinkit.",https://play.google.com/store/apps/details?id=com.grofers.customerapp&reviewId=581bf5fe-ab42-4c13-93da-b41c4058b9c0,3,18.9.2,en,Detailed review export,447
GP-D-293ef24b-e41a-4f8c-a430-95f98a21bb5b,Google Play,App review,2026-07-30,1,,"I am very disappointed with my experience using Blinkit. The delivery was delayed, and the items I received were not in the expected condition. It was frustrating to deal with the issue because customer support did not provide a satisfactory solution. The app has potential, but the inconsistent service, poor order handling, and lack of timely assistance made the overall experience unpleasant. I hope these issues are addressed so customers can rely on the service in the future.",https://play.google.com/store/apps/details?id=com.grofers.customerapp&reviewId=293ef24b-e41a-4f8c-a430-95f98a21bb5b,0,18.13.0,en,Detailed review export,481
GP-D-ae63966a-003e-4a27-abc6-5fe30610ea0b,Google Play,App review,2026-07-20,1,,"If you order a lot from blinkit, blinkit will consider you as a liability and not a patron customer, sometimes they forget to send you parts of your order and sometimes, they automatically remove certain orders from the list for which you have paid full price already. And you can't complain about it because they have a chat bot on the other end, it will keep on repeating your sentences like a parrot, only adding ""I understand your frustration"". last minute app has become a last resort app.",https://play.google.com/store/apps/details?id=com.grofers.customerapp&reviewId=ae63966a-003e-4a27-abc6-5fe30610ea0b,0,18.9.3,en,Detailed review export,494
GP-D-1dea7d3e-8310-40eb-a1fb-f0de10739b92,Google Play,App review,2026-06-10,1,,"Very disappointing experience. My order was accepted, a rider was assigned, and after making me wait for a long time the order got cancelled. It was already very late at night, and because of this I could not arrange food elsewhere easily. Support was unable to provide any proper solution or replacement order. This caused unnecessary stress, inconvenience, and wasted my time completely.",https://play.google.com/store/apps/details?id=com.grofers.customerapp&reviewId=1dea7d3e-8310-40eb-a1fb-f0de10739b92,14,17.95.3,en,Detailed review export,389
GP-D-58f291d2-d6c7-4f79-91df-c390ded2d84c,Google Play,App review,2026-07-12,1,,"Worst customer service. I have ordered Boat ear bud, which I found dirty after opening the box. While connecting with customer care, they have told that they can't do anything and I have to use this used product . Can't imagine pathetic customer service like this from any other platform. I will ask everyone not to buy anything from Blinkit.",https://play.google.com/store/apps/details?id=com.grofers.customerapp&reviewId=58f291d2-d6c7-4f79-91df-c390ded2d84c,3,18.9.2,en,Detailed review export,342
GP-D-52f4e0cc-c60d-4983-86b4-d6bb84d968cc,Google Play,App review,2026-07-24,1,,"The service I ordered was very poor. The order was accepted at 7:00 PM, and it was stated that delivery would occur within 9 minutes. However, I checked my phone at 7:10 PM, and the estimated delivery time remained at 10 minutes.",https://play.google.com/store/apps/details?id=com.grofers.customerapp&reviewId=52f4e0cc-c60d-4983-86b4-d6bb84d968cc,1,18.9.3,en,Detailed review export,229
GP-D-99fa58ce-64a2-48df-90bb-d75595dd67f8,Google Play,App review,2026-07-30,4,,"IT'S A VERY good app, the only problem is about the location sometimes I have to tell the location to the delivery boy several times good app nice app and the second problem is they aren't keeping the small packet like If I want to buy chips and I want a 10 rupee packet it's not available !!! it's not good challlooo baaki overall good",https://play.google.com/store/apps/details?id=com.grofers.customerapp&reviewId=99fa58ce-64a2-48df-90bb-d75595dd67f8,0,18.13.0,en,Detailed review export,336
GP-D-adc69846-8437-4d19-bf6a-2ba13ffb5993,Google Play,App review,2026-07-30,1,,"★☆ Very poor customer service I had to request an exchange for a mistaken order. The product was sealed and unused. But Blinkit customer care was not helpful at all. Responses are delayed, unclear.No proper resolution and no option to talk to a supervisor. Delivery is fast but support is terrible. Really disappointed. Please improve your customer service.",https://play.google.com/store/apps/details?id=com.grofers.customerapp&reviewId=adc69846-8437-4d19-bf6a-2ba13ffb5993,0,18.13.0,en,Detailed review export,357
GP-D-2e1509c6-ad4c-48de-9f20-554d563f8264,Google Play,App review,2026-07-24,2,,worst customer support... there is no call option and through texts they won't understand the problem and keep on sending the same messages... worst ke worsttt it is .... if u have cash and no amount in account then u should opt for blinkit. becz the delivery partner won't accept cash because they won't have change nither in their account .... worst chiii,https://play.google.com/store/apps/details?id=com.grofers.customerapp&reviewId=2e1509c6-ad4c-48de-9f20-554d563f8264,0,18.9.3,en,Detailed review export,357
GP-D-6f0a9dc1-6280-4455-b285-2e412fe3c560,Google Play,App review,2026-07-15,5,,"I accidentally ordered the wrong product today, but Blinkit's customer service was outstanding. I requested a return through the chat box right after delivery. They collected the item and processed my refund immediately. I am incredibly satisfied with this quick and hassle-free service. Thank you, Blinkit!""",https://play.google.com/store/apps/details?id=com.grofers.customerapp&reviewId=6f0a9dc1-6280-4455-b285-2e412fe3c560,2,18.9.3,en,Detailed review export,308
GP-D-5a1fcc64-7c59-45f5-975d-634295053c45,Google Play,App review,2026-07-16,1,,I have ordered some products from blinkit. I have recieved a bad quality damaged product from them. when I approach to the customer support they told me they can not do anything regarding this matter. I want to know is there any replacement or refund policy there. or customer are getting duped by getting damaged product. I will definitely going to raise a complaint in consumer court this practice of no replacement no refund should be taken very seriously.,https://play.google.com/store/apps/details?id=com.grofers.customerapp&reviewId=5a1fcc64-7c59-45f5-975d-634295053c45,1,18.9.3,en,Detailed review export,459
GP-D-a60a5d53-bf69-4435-abaf-696cd0214c98,Google Play,App review,2026-07-18,1,,"Packing shows that how the products kept, while ordering along with my order it was mentioned rusk as a free gift, which I didn't receive Tried to complain, but no results, only bot replying, and nothing about the free gift, I sent a picture of the package, but ok thank you mentioned, no action",https://play.google.com/store/apps/details?id=com.grofers.customerapp&reviewId=a60a5d53-bf69-4435-abaf-696cd0214c98,2,18.9.3,en,Detailed review export,295
GP-D-cd6c16f2-baf2-4308-891f-a161bdb61193,Google Play,App review,2026-05-31,3,,"1. When I send audio recording delivery instructions, I tried to play it back, it just turns off after few seconds, so I can't hear back what I recorded. 2. There must be a save for later option like amazon. It helps to add product which I have seen but don't want to buy now. 3. Also if price has been increased or decreased, I must know. It becomes difficult to order when I have large list of items.",https://play.google.com/store/apps/details?id=com.grofers.customerapp&reviewId=cd6c16f2-baf2-4308-891f-a161bdb61193,13,17.97.2,en,Detailed review export,402
GP-D-504803e8-d94d-4ba5-804d-0ded698b36d5,Google Play,App review,2026-07-26,1,,"My location (Bantalab) has been showing ""Currently unavailable due to high demand"" for over a week, while nearby areas like Chinore are available. What kind of fairness is this? Please explain why my area is still unavailable. Also, products from your store often arrive covered in dust, which reflects poor storage and quality control. Please fix these issues instead of sending generic replies.",https://play.google.com/store/apps/details?id=com.grofers.customerapp&reviewId=504803e8-d94d-4ba5-804d-0ded698b36d5,0,18.13.0,en,Detailed review export,396
GP-D-c4800b8b-22dc-4d8d-a252-16f6b69f4d7c,Google Play,App review,2026-07-16,2,,"It was a very bad experience,, The delivery guy refused to deliver the doorstep...when informed I was not well to come downstairs je asked to cancel the order later another day, again they took an hour to deliver the order.... getting bad day by day...nd on the top of that charging us handling fee",https://play.google.com/store/apps/details?id=com.grofers.customerapp&reviewId=c4800b8b-22dc-4d8d-a252-16f6b69f4d7c,4,18.9.3,en,Detailed review export,298
GP-D-69347312-a938-4eb8-8078-353aac5493b5,Google Play,App review,2026-07-20,5,,Most helpful app for students and for instant need of any item. The only issue is that the variety of items are less and most of the things are not in the store but it's ok most of the things are still very useful.,https://play.google.com/store/apps/details?id=com.grofers.customerapp&reviewId=69347312-a938-4eb8-8078-353aac5493b5,1,18.9.3,en,Detailed review export,214
GP-D-34852759-e2f3-428d-89cb-a38dd272d433,Google Play,App review,2026-07-26,3,,"Blinkit is a useful app. The only issues are that a lot of necessary items are often out of stock, and deliveries are very late. I’m quite dissatisfied with the delivery time. On the positive side, the new print delivery feature is really useful. I hope Blinkit resolves the stock and delivery issues soon.",https://play.google.com/store/apps/details?id=com.grofers.customerapp&reviewId=34852759-e2f3-428d-89cb-a38dd272d433,0,18.13.0,en,Detailed review export,306
GP-D-42f8f60a-dab1-40a7-9284-57d21649d00c,Google Play,App review,2026-07-27,5,,"it's one of the most convenient apps ever. But I had one suggestion, it would be great if we could have scheduled delivery options so it becomes even more convenient. kudos to the team for their constant efforts!",https://play.google.com/store/apps/details?id=com.grofers.customerapp&reviewId=42f8f60a-dab1-40a7-9284-57d21649d00c,0,18.13.0,en,Detailed review export,212
GP-D-d3b46857-eb9f-4426-98af-c0fec19eb77b,Google Play,App review,2026-07-18,1,,probably the worst app and worst experience I've ever had. refunds are not processed sooner.. for that matter they are not processed at all. my money is not being refund since the last two weeks. and every time I start a chat in their customer help they do not provide a resolution in state they just keep on extending the time frame. if you want an app which gives you were the product.. please do not go for blinkit at all because this app is a fraud and probably has the worst customer experience.,https://play.google.com/store/apps/details?id=com.grofers.customerapp&reviewId=d3b46857-eb9f-4426-98af-c0fec19eb77b,1,18.9.3,en,Detailed review export,500
GP-D-3818fbd2-f232-4c6b-b6d2-6addd614ad06,Google Play,App review,2026-07-19,5,,"Great experience with the customer support team! I had to return an unstable laptop table, and the executive was very helpful in resolving the issue quickly, arranging a pickup, and processing a full refund back to my original payment source without any hassle. Super fast service.",https://play.google.com/store/apps/details?id=com.grofers.customerapp&reviewId=3818fbd2-f232-4c6b-b6d2-6addd614ad06,3,18.9.3,en,Detailed review export,281
GP-D-d9f495d0-4845-4ab5-ba61-f3ee79481919,Google Play,App review,2026-05-26,5,,"UPI option not showing. * Reviewing again after the problem was solved. I really love blinkit, I use it more than my social media 😂. Love all the products, arrives on time and quickly. I don't have to keep waiting, no matter the weather. Delivery persons are really nice as well. The only thing I wish blinkit had was more of Amul ice cream options. Btw I'm reviewing this from Siliguri. My all time fav app, not even exaggerating. ❤️",https://play.google.com/store/apps/details?id=com.grofers.customerapp&reviewId=d9f495d0-4845-4ab5-ba61-f3ee79481919,19,17.97.2,en,Detailed review export,434
GP-D-e76ba37a-1dd2-4433-8660-dd21a7795682,Google Play,App review,2026-07-27,3,,"Please add the upi id payment and cart sharing option. I don't use upi apps on my phone and usually pay from my mother's phone. its kind of frustrating, i can't share the cart to another device, and mom's phone is kinda old, so a lot lagging occurs and i can't order from her phone. A company should provide multiple options for payments because every costumer is different.",https://play.google.com/store/apps/details?id=com.grofers.customerapp&reviewId=e76ba37a-1dd2-4433-8660-dd21a7795682,1,18.13.0,en,Detailed review export,374
GP-D-755b8056-e623-4ebc-bcab-4a76d7ae5296,Google Play,App review,2026-07-26,1,,"it used to be awesome. It has been weeks it's not delivering anything in Parle East provided the bill is upwards of 40,000 (Tried putting dyson wrap in basket) . If centre is not available temporarily and will be back in a month, ok- but say so. currently not delivering due to high demand is what it says all day n night and only for Parle East- is frustrating! be transparent and tell us kindly when will it restart in Parle East.",https://play.google.com/store/apps/details?id=com.grofers.customerapp&reviewId=755b8056-e623-4ebc-bcab-4a76d7ae5296,1,18.13.0,en,Detailed review export,432
GP-D-4bbc26a4-333c-4e39-8aa6-815e5e739c84,Google Play,App review,2026-07-16,5,,Each and every detail of the apps interface is to good the delivery experience is fantastic and effortless. The only thing is it has very limited offers on different products and prices are somewhat higher as compared to other quick commerce platform. It's in my area I can't tell about others. Thank you! ❤,https://play.google.com/store/apps/details?id=com.grofers.customerapp&reviewId=4bbc26a4-333c-4e39-8aa6-815e5e739c84,4,18.7.0,en,Detailed review export,307
GP-D-fb9aa10b-b2d2-42fe-a695-3844a584d59c,Google Play,App review,2026-07-30,1,,"I ordered Amul Rajbhog ice cream (1 liter) on July 21, 2026. The order was subsequently cancelled, and I was informed that the refund would be processed by the 28th.. however, it is now the 30th, and I still haven't received the refund. Meanwhile, Blinkit shows the refund as completed—how is that possible? To make matters worse, I cannot even find a helpline number to contact Blinkit for assistance. Other delivery apps are far better than this. very disappointed...",https://play.google.com/store/apps/details?id=com.grofers.customerapp&reviewId=fb9aa10b-b2d2-42fe-a695-3844a584d59c,1,18.13.0,en,Detailed review export,469
GP-D-bf0e532b-9d4d-42af-8f7f-cb4611dd9139,Google Play,App review,2026-07-14,5,,"This is a great app. Not only does it deliver our items in less than 10 mins, it also prints doodles, creative puzzles etc., on their packages. Absolutely love it!!!",https://play.google.com/store/apps/details?id=com.grofers.customerapp&reviewId=bf0e532b-9d4d-42af-8f7f-cb4611dd9139,2,18.9.3,en,Detailed review export,165
GP-D-7b06da45-98bc-429c-b606-223b51fad91f,Google Play,App review,2026-05-25,1,,"Worst experience with this app. I ordered one product but received a completely different item. When I complained, they refunded only the discounted amount and did not return the full amount I paid after applying the offer. This mistake was from their side, so customers should not suffer the loss. Very disappointing service.",https://play.google.com/store/apps/details?id=com.grofers.customerapp&reviewId=7b06da45-98bc-429c-b606-223b51fad91f,22,17.97.2,en,Detailed review export,326
GP-D-7e40513f-cfe0-49a9-8bce-65b5820ea0cb,Google Play,App review,2026-07-29,4,,App is good but the discounts on cards and UPI are limited now. not like they used to offer earlier. local retailers now give more discount than blinkit. so now we are thinking of moving out from the app to the local store.,https://play.google.com/store/apps/details?id=com.grofers.customerapp&reviewId=7e40513f-cfe0-49a9-8bce-65b5820ea0cb,0,18.13.0,en,Detailed review export,223
GP-D-f75890e6-c1bb-41aa-b086-52b5e2269741,Google Play,App review,2026-07-11,1,,"Horrible return policy. I bought a 45W PD 3.0/PPS upto 45W fast charging adapter but the charging was stuck at 18W on my Pixel 8 Pro. Customer service kept finding ways to prove how it is supposed to charge my Pixel at a very slow speed. They do not care about their customers and would sell them products that fake their details, without even testing them.",https://play.google.com/store/apps/details?id=com.grofers.customerapp&reviewId=f75890e6-c1bb-41aa-b086-52b5e2269741,3,18.9.3,en,Detailed review export,357
GP-D-b8db02df-85a6-45c8-8869-b69adea33065,Google Play,App review,2026-07-14,2,,"I am a Blinkit customer and had ordered a product (Ant Esports GM40 RGB Optical Wired Gaming Mouse) from the platform. Due to a technical issue on your end, my online transaction got stuck in the processing stage, and I was given a date of July 14, 2026. Today is July 14, yet I have not received the refund, and the order history is no longer visible on the Blinkit platform. My point is that when we place an order on Blinkit and an issue arises on your side, the customer is forced to send emails",https://play.google.com/store/apps/details?id=com.grofers.customerapp&reviewId=b8db02df-85a6-45c8-8869-b69adea33065,1,18.9.3,en,Detailed review export,499
GP-D-ced6dd13-1931-4f97-9923-a648465bc15d,Google Play,App review,2026-07-19,1,,"I placed an order worth ₹196 (4 items) with an estimated delivery time of 17 minutes. After waiting for 45 minutes, Blinkit cancelled my order from their side without any explanation. I was then told that my refund would be processed by 24th July, even though refunds are usually completed within 24–48 hours. This is very disappointing. Please process my refund as soon as possible and explain the reason for the cancellation and the delayed refund.",https://play.google.com/store/apps/details?id=com.grofers.customerapp&reviewId=ced6dd13-1931-4f97-9923-a648465bc15d,1,18.9.3,en,Detailed review export,450
GP-D-07d83d8a-1a3a-418c-ac4f-c98cdb0b89be,Google Play,App review,2026-07-28,5,,Best app for fastest delivery available on playstore unlike jiomart which crashes regularly blinkit never does I used to order things which are very necessary at the point of time and it never dissappointed me. A big thanks from me to the developers and delivery persons.,https://play.google.com/store/apps/details?id=com.grofers.customerapp&reviewId=07d83d8a-1a3a-418c-ac4f-c98cdb0b89be,0,18.13.0,en,Detailed review export,271
GP-D-c331cc06-4447-4311-9f8d-0b1cd7bb5580,Google Play,App review,2026-07-05,1,,"Very poor customer support. There is no chat or customer care number to contact. I received a defective product, and the only option was email. The replies were generic and did not provide any proper solution. They never tried to contact me, yet claimed I was unreachable. Instead of resolving genuine issues, they make excuses. This experience was frustrating and disappointing. Customer service needs significant improvement.",https://play.google.com/store/apps/details?id=com.grofers.customerapp&reviewId=c331cc06-4447-4311-9f8d-0b1cd7bb5580,7,17.99.1,en,Detailed review export,427
GP-D-4f1ebc4f-5e68-45af-9b70-500998f4dbe1,Google Play,App review,2026-07-10,1,,"The delivery partners assigned are very rude and irresponsible. I had to cancel my order ( ice cream )just for him,as he asked me to collect order from some other place very rudely. I have imported my permanent address from Zomato and also allowed my precise location to blinkit app. The delivery person was very rude and I also directed him my address via 🤙 call but he asked me to collect order from some other area . I won't suggest any one to use this app only for the delivery person.",https://play.google.com/store/apps/details?id=com.grofers.customerapp&reviewId=4f1ebc4f-5e68-45af-9b70-500998f4dbe1,5,18.9.2,en,Detailed review export,489
GP-D-644ecac9-4f76-496b-8b5f-33ca8f480256,Google Play,App review,2026-07-19,1,,"Very disappointing experience with Blinkit. I received a product that appeared to have been opened before delivery and had functional issues. I contacted customer support multiple times, explained the problem clearly, and provided the required details, but I did not receive a proper resolution. Instead of helping me with a return or refund, Blinkit kept repeating the same response and eventually closed my complaint without resolving the issue. I trusted Blinkit to deliver genuine, new products,",https://play.google.com/store/apps/details?id=com.grofers.customerapp&reviewId=644ecac9-4f76-496b-8b5f-33ca8f480256,2,18.9.3,en,Detailed review export,499
GP-D-00062145-b588-401e-9f4b-d77243341398,Google Play,App review,2026-07-26,1,,very bad app.. I ordered 5 cat food packets they delivered only 3 packets...they told to return the order to get the refund since the order was out of stock its been 20 days and still i didnot receive my money back...there is no way that I could reach out to them.. dishonest app donot order anything scammers!!,https://play.google.com/store/apps/details?id=com.grofers.customerapp&reviewId=00062145-b588-401e-9f4b-d77243341398,1,18.9.3,en,Detailed review export,311
GP-D-7cb4dd34-8b7b-42ee-8cfd-7c1195a95aa8,Google Play,App review,2026-07-24,1,,i have purchased few items from blinkit out of all items 1 product was missing. j have raised concern and frequently raised concern for 3 days they didn't resolved issue and now complain window for the same has been closed. worst experience i have faced from purchasing product from blinkit.,https://play.google.com/store/apps/details?id=com.grofers.customerapp&reviewId=7cb4dd34-8b7b-42ee-8cfd-7c1195a95aa8,0,18.9.3,en,Detailed review export,291
GP-D-fd270d8d-b2af-4d72-ba6f-0732327cc47b,Google Play,App review,2026-07-26,1,,"Worst app out there. Ordered a towel and the quality was so bad the strands were coming out, the quality was so poor and when i told the executive to refund the money the only thing she says is it will be refunded as a promo code. Why would i wish to buy again from this app when this is the quality of products i get? Just an excuse to force you stay on the app.",https://play.google.com/store/apps/details?id=com.grofers.customerapp&reviewId=fd270d8d-b2af-4d72-ba6f-0732327cc47b,0,18.9.3,en,Detailed review export,363
GP-D-48f75880-6ad3-4e84-b71a-d1830d4ababf,Google Play,App review,2026-07-09,1,,The varieties are many because of which I like this and gave 1star.But the stuff is way too overpriced in comparison to other instant delivery apps. I have seen other apps have way cheaper prices compared to this. The only good thing is variety...,https://play.google.com/store/apps/details?id=com.grofers.customerapp&reviewId=48f75880-6ad3-4e84-b71a-d1830d4ababf,2,18.9.2,en,Detailed review export,247
GP-D-75e02b6e-2b28-4f67-b7c3-e1fae506881a,Google Play,App review,2026-07-22,4,,First order. So pleasantly shocked by such a fast delivery. The price of items was very competitive and attractive compared to amazon. So happy with this first experience although delivery bag was torn badly. But items arrived in less than 15 mins of ordering. Truly an eye blinking experience. Thank you.,https://play.google.com/store/apps/details?id=com.grofers.customerapp&reviewId=75e02b6e-2b28-4f67-b7c3-e1fae506881a,2,18.9.3,en,Detailed review export,305
GP-D-0508024d-f79f-4081-86d9-03c9742a5874,Google Play,App review,2026-07-30,4,,I liked the service here . They provide medical emergencies very quickly and food selection quite interesting. I recommend it that it should be trued once by everyone. The reason I gave it 4 star is sometimes when network is not there we don't get our cash refund,https://play.google.com/store/apps/details?id=com.grofers.customerapp&reviewId=0508024d-f79f-4081-86d9-03c9742a5874,1,18.13.0,en,Detailed review export,263
GP-D-b0a2ea97-d2a1-4499-99d5-180ecb24f563,Google Play,App review,2026-07-10,1,,bad experience from the blinkit that the product was ordered by mistake and it was also had and defect but the blinkit team refused to proceed with return also there is no chat option. it will not open after placing order of we had any problem then also we had to be silent and they it shows to reach out to the gmail and that people doesnot give a solution for the product such a 3rd class app,https://play.google.com/store/apps/details?id=com.grofers.customerapp&reviewId=b0a2ea97-d2a1-4499-99d5-180ecb24f563,2,18.9.2,en,Detailed review export,394
GP-D-81548bd9-c682-4f8e-b456-fa1eacaf7312,Google Play,App review,2026-07-28,1,,"This app is bad, they don't take any accountability, so I ordered olive oil for my family staying in my hometown and I stay at a different place. So now they delivered the order without the cap of the bottle. My family shared images but there is no option to upload images on the customer support channel. I even mailed them the pictures and asked for a replacement but they said they can't do anything. So the final result - I have deleted my account.",https://play.google.com/store/apps/details?id=com.grofers.customerapp&reviewId=81548bd9-c682-4f8e-b456-fa1eacaf7312,1,18.13.0,en,Detailed review export,452
GP-D-410c5b94-f0f1-48b9-bb86-92008e901087,Google Play,App review,2026-07-30,5,,"Hi Blinkit team, I would like to suggest a new feature where customers can transfer money through the app and request delivery of physical cash to their doorstep for a service fee. This could help people who need emergency cash and cannot access an ATM. I believe this would be a valuable addition to your platform.",https://play.google.com/store/apps/details?id=com.grofers.customerapp&reviewId=410c5b94-f0f1-48b9-bb86-92008e901087,0,18.13.0,en,Detailed review export,315
GP-D-5630c686-f3ef-46cd-8526-9aa1429fdf99,Google Play,App review,2026-07-20,1,,worst app. i didn't received few products and no proper Customer service. I am not even able to talk to customer care because there only the AI which always closes the chat. worst ever app I have faced. iam not going to suggest for any of my friends and family. and Iam always going to post in all social media apps saying not to use this app. worst app. even the customer service is not contacting they . first of all there is no customer service only AI,https://play.google.com/store/apps/details?id=com.grofers.customerapp&reviewId=5630c686-f3ef-46cd-8526-9aa1429fdf99,3,18.9.3,en,Detailed review export,455
GP-D-235d1ea4-4e49-4136-90be-d309ecff2b34,Google Play,App review,2026-07-10,1,,"one star is just because it does actually works, and delivery your order request. Besides that, the customer service is trash. I received a C-C cable, and it won't connect to any device. Both the ends were loosen. I talked to 2 executives (first one just disconnected herself with letting me know) I send multiple videos showing the issues, but only they said that the product is all fine it's my device which is defective. I tried that cable in multiple devices. yet they refused to refund.",https://play.google.com/store/apps/details?id=com.grofers.customerapp&reviewId=235d1ea4-4e49-4136-90be-d309ecff2b34,4,18.7.0,en,Detailed review export,491
GP-D-c2443f4d-122a-450c-9c54-7b920310ac19,Google Play,App review,2026-06-10,1,,"Blinkit is a great app with a wide variety of products and quick ordering experience. However, I have faced several issues with the delivery service. Sometimes the location shown to the delivery partner is incorrect, and despite explaining the situation, the delivery partner is often unwilling to cooperate. This can be very frustrating, especially when the order contains items that are urgently needed. While the app itself is excellent and easy to use, my experience with delivery is worst",https://play.google.com/store/apps/details?id=com.grofers.customerapp&reviewId=c2443f4d-122a-450c-9c54-7b920310ac19,9,17.99.1,en,Detailed review export,493
GP-D-0d5a83eb-f175-4c40-ae44-aa32d8218b1c,Google Play,App review,2026-07-23,1,,"Extremely disappointed with this order. The Organic Ladyfinger (500 g) came in two 250 g packs, but one entire pack was completely spoiled and had to be thrown away. The Raw Mango (500 g) was the small, round variety with a huge seed and very little pulp, yet the description never mentioned this, making it misleading and poor value for money. The Chopped Spinach contained mostly thick stems instead of spinach leaves, making it feel like the weight was increased by adding sticks than actual.",https://play.google.com/store/apps/details?id=com.grofers.customerapp&reviewId=0d5a83eb-f175-4c40-ae44-aa32d8218b1c,1,18.9.3,en,Detailed review export,495
GP-D-a6c656a4-b07f-4a60-a577-d49f490bfb75,Google Play,App review,2026-06-06,4,,"Dear Blinkit Team, I would like to request that the previous simple picking system be brought back. The old system was easier and more efficient because all items were clearly visible, which made picking faster and reduced confusion. In the current system, it is sometimes difficult to see and locate all items quickly, which can affect productivity and increase picking time. Please consider restoring the previous simple picking system or providing an option to use it. Thank you for your considera",https://play.google.com/store/apps/details?id=com.grofers.customerapp&reviewId=a6c656a4-b07f-4a60-a577-d49f490bfb75,14,17.97.3,en,Detailed review export,500
GP-D-853d7276-589c-4cef-982f-53c867d2aa84,Google Play,App review,2026-07-20,1,,worst experience with the blinkit.... i ordered 120 Watt data cable they sent the item not even mentioned watt on box.... it's charging like 20-30 watt cable. On my request for change on the product on same day they said it's not possible use it weather its working or not..... if there will be any option to attach the customer support chat i will definitely attach. Don't order electronics from blinkit ..,https://play.google.com/store/apps/details?id=com.grofers.customerapp&reviewId=853d7276-589c-4cef-982f-53c867d2aa84,1,18.9.3,en,Detailed review export,407
GP-D-07df9b80-b805-47b3-834b-0c3526438d8f,Google Play,App review,2026-07-15,4,,"Please add ""I don't need a bag"" feature on the checkout page. I and many others who use the app almost everyday, have countless bags in our house which we don't even know what to use. The competitor flipkart minutes already has the feature which is very useful. Please enable it too in your app 🙏🏻",https://play.google.com/store/apps/details?id=com.grofers.customerapp&reviewId=07df9b80-b805-47b3-834b-0c3526438d8f,2,18.9.3,en,Detailed review export,297
GP-D-8598d370-b157-490c-961e-2e8a915c67ed,Google Play,App review,2026-07-25,3,,"It's great app for buying things which gets delivered on doorstep. But, the reason I gave only 3 stars is that, sometimes it takes more delivery charges. I request to minimize that. Thanks.",https://play.google.com/store/apps/details?id=com.grofers.customerapp&reviewId=8598d370-b157-490c-961e-2e8a915c67ed,0,18.9.3,en,Detailed review export,189
GP-D-f0a7a71d-12d4-42f2-a14a-6ac48c6bea5f,Google Play,App review,2026-07-23,5,,Very good experience. I really like the time dilivery and easy accessibility. The only thing I little concern about the price they charged sometimes high if compared to stores or reliance fresh etc.,https://play.google.com/store/apps/details?id=com.grofers.customerapp&reviewId=f0a7a71d-12d4-42f2-a14a-6ac48c6bea5f,0,18.9.3,en,Detailed review export,198
GP-D-9ebafa96-cfc6-45cc-8261-3ab4581442d5,Google Play,App review,2026-07-27,1,,"I ordered some vegetables, but they were all damaged.There was also worms in the tomato.When customers buy items like this, it's your responsibility to check them and ensure their quality before sending them, but because you don't do it correctly, the customer ends up with a very bad experience.I was a regular customer of Insta Mart and booked through this app to check how it was, but I had a very bad experience.",https://play.google.com/store/apps/details?id=com.grofers.customerapp&reviewId=9ebafa96-cfc6-45cc-8261-3ab4581442d5,0,18.13.0,en,Detailed review export,416
GP-D-f4912478-e85e-46e1-af45-0af7b37bfb46,Google Play,App review,2026-07-19,5,,"blinkit is really good for shopping in 10 mins but I don't like that the person who comes to drop parcel doesn't find location usually that's too common when we have given full location then also , but the aap is so awesome i appreciate it continue and make delivery more nice with packing .",https://play.google.com/store/apps/details?id=com.grofers.customerapp&reviewId=f4912478-e85e-46e1-af45-0af7b37bfb46,5,18.13.0,en,Detailed review export,291
GP-D-32ce1510-8062-4462-96a9-67d95119e8ed,Google Play,App review,2026-07-23,1,,"Really bad experience. Ordered food around 11:30 PM, tipped the rider, and Blinkit showed 13-minute delivery. Even after 30 minutes, no delivery partner was assigned. Customer support refused my request for self-pickup. I went to the store, but the manager said the order wasn't visible in their system despite it showing as pending on my phone. I cancelled at 12:10 AM and ordered from Flipkart Minutes instead—it showed 12 minutes and arrived in just 9. Would give Blinkit -10 stars if I could.",https://play.google.com/store/apps/details?id=com.grofers.customerapp&reviewId=32ce1510-8062-4462-96a9-67d95119e8ed,0,18.9.3,en,Detailed review export,496
GP-D-7a4ad2cc-11cf-470d-9957-c6dfba82aa00,Google Play,App review,2026-07-26,5,,"I like Blinkit for its quick and reliable delivery service, which is one of its biggest strengths. However, I am not satisfied with the packaging. At times, the packing is not strong or secure enough, which increases the risk of products getting damaged during transit. I hope this aspect improves soon.",https://play.google.com/store/apps/details?id=com.grofers.customerapp&reviewId=7a4ad2cc-11cf-470d-9957-c6dfba82aa00,0,18.13.0,en,Detailed review export,303
GP-D-630cf880-2415-45f3-9e00-01a50ea9d2d6,Google Play,App review,2026-07-22,1,,"no proper mapping , the delivery person missed behaving ,and never reached the proper address whenever the order was placed. no issue resolved by customer support only term & condition .only waste of time . it's better to support a small shop not this kind of business mafia .who is never interested in customer relationships .",https://play.google.com/store/apps/details?id=com.grofers.customerapp&reviewId=630cf880-2415-45f3-9e00-01a50ea9d2d6,0,18.9.3,en,Detailed review export,327
GP-D-e37bdf37-05b8-4493-be91-e775770c8c28,Google Play,App review,2026-07-16,1,,worst app..... we won't receive what we order and if we raise a complaint they don't respond... if we order Onion they give us potato... if the delivery guy doesn't get the address he will cancel without even responding to our calls nor they try to reach us... no proper help desk nor proper response from the team... worst experience to use this app.,https://play.google.com/store/apps/details?id=com.grofers.customerapp&reviewId=e37bdf37-05b8-4493-be91-e775770c8c28,2,18.9.3,en,Detailed review export,351
GP-D-2c9224e3-96b8-40cc-8561-344fb8050351,Google Play,App review,2026-07-24,1,,"I bought Boult W20 earbuds from Blinkit, but they are defective. Only one earbud works at a time—sometimes the right one, sometimes the left. I completed all the troubleshooting steps suggested by customer support, but the issue still wasn't resolved. I'm disappointed with both the product quality and the support I received. I expected a replacement or a better resolution. from Bangalore thigalarapalya",https://play.google.com/store/apps/details?id=com.grofers.customerapp&reviewId=2c9224e3-96b8-40cc-8561-344fb8050351,1,18.13.0,en,Detailed review export,405
GP-D-ce89ad86-fc22-4599-bda4-c98b7be56931,Google Play,App review,2026-07-19,5,,"⭐⭐⭐⭐⭐ Excellent quality blanket! It was delivered on time, exactly as promised. The material is soft, warm, and feels very premium. The stitching and overall finish are excellent, and it provides great comfort. I'm really happy with my purchase and the entire shopping experience. Fast delivery, great quality, and good value for money. Highly recommended!",https://play.google.com/store/apps/details?id=com.grofers.customerapp&reviewId=ce89ad86-fc22-4599-bda4-c98b7be56931,4,18.9.3,en,Detailed review export,356
GP-D-15d088f2-80e9-4e69-8738-20a698b52188,Google Play,App review,2026-07-14,1,,"Very disappointed. The bread was of poor quality and unusually small in size, and the butter delivered was expired. This is completely unacceptable. I've lost trust in Blinkit's quality checks. I'm uninstalling the app and personally boycotting Blinkit. I won't be ordering from them again.",https://play.google.com/store/apps/details?id=com.grofers.customerapp&reviewId=15d088f2-80e9-4e69-8738-20a698b52188,2,18.9.3,en,Detailed review export,290
GP-D-8907978d-dd0e-40d6-8d4d-a9c7cdea951d,Google Play,App review,2026-07-26,1,,worest service worest experience ever I have order a cable by mistake I didn't select watts after checking with in a minute i request for an return and they have rejected it. Infact the product have 9 days return policy also they have rejected it.. Totally waste of money time and energy never ever we should have to buy anything for this app instead i think we have to go with other apps atleast they listen and understand the situation of the customer...,https://play.google.com/store/apps/details?id=com.grofers.customerapp&reviewId=8907978d-dd0e-40d6-8d4d-a9c7cdea951d,0,17.99.1,en,Detailed review export,456
GP-D-3807aa11-d0a5-432f-9dd4-a3de155c0c17,Google Play,App review,2026-07-12,1,,"I'm pretty disappointed with your service lately. Recently, I purchased a product, but it arrived damaged, so I returned it. I trusted your service and placed another order for the same product. To my surprise, I received the very same damaged item that I had previously returned. I've been a loyal customer for over a year, but the quality of your service has declined significantly in recent times. This experience has been extremely disappointing.",https://play.google.com/store/apps/details?id=com.grofers.customerapp&reviewId=3807aa11-d0a5-432f-9dd4-a3de155c0c17,3,17.95.4,en,Detailed review export,450
GP-D-aa081f74-9522-4b97-816b-68ce0f0f8a7c,Google Play,App review,2026-07-12,5,,"Hostel life made so much easier for my kid! ""Staying away from home in a hostel isn't easy, but this app makes it better for my child. Whenever they run out of snacks, need midnight study fuel, or forget basic essentials, I can easily order for them from miles away. The delivery riders always find the hostel easily, and the items arrive fresh and quick. I absolutely love that I can take care of their cravings and needs directly through the app, giving me total peace of mind!""",https://play.google.com/store/apps/details?id=com.grofers.customerapp&reviewId=aa081f74-9522-4b97-816b-68ce0f0f8a7c,3,18.3.0,en,Detailed review export,480
GP-D-7dee029d-255d-4eca-b7ad-5047705d4cf6,Google Play,App review,2026-07-15,1,,"I forgot to apply bank offer so immediately tried to cancel the order worth520 but there is no refund option or add the money to blinkit wallet just like zepto, Swiggy, Bigbasket.. instead refund as a coupon is available, to use the coupon money.. I have to place another order worth same as coupon amount or more and cannot use the bank offer... not giving any options for customer... forceful extortion of customer money",https://play.google.com/store/apps/details?id=com.grofers.customerapp&reviewId=7dee029d-255d-4eca-b7ad-5047705d4cf6,2,18.7.0,en,Detailed review export,422
GP-D-9bcc307c-6055-44cc-bfd3-681fd89cb0ab,Google Play,App review,2026-07-26,1,,"worst service ever, everytime I order something from the items keep missing. And when I contact the customer service they doesn't solve the issue, takes lots of time and in the end they say that the item is delivered and they cannot help anymore.",https://play.google.com/store/apps/details?id=com.grofers.customerapp&reviewId=9bcc307c-6055-44cc-bfd3-681fd89cb0ab,0,18.7.0,en,Detailed review export,246
GP-D-a8806ecb-300a-48c1-9f17-22c0a0da63fb,Google Play,App review,2026-07-14,5,,I rarely or never review and rate any app yet blinkit has done something generously that i appreciate.. Explanation : It was my second time buying whey protein from blinkit and as i previously bought it from them this time they gave me a discount of ₹129 which i really appreciate. but the most crazy part is that the discount was labelled as Protein paglu 😂..!! also the pricing too is competative and fair by the value they provide.. Thanks for making my night..! (I ordered at night 😅),https://play.google.com/store/apps/details?id=com.grofers.customerapp&reviewId=a8806ecb-300a-48c1-9f17-22c0a0da63fb,1,18.7.0,en,Detailed review export,488
GP-D-c8fa9f7d-b0c4-4765-83a0-4ca83146ed18,Google Play,App review,2026-07-28,5,,"Excellent experience with Blinkit! The delivery was incredibly fast, the products were fresh and well-packed, and everything arrived exactly as ordered. The app is easy to use, and the delivery partner was polite and professional. It's very convenient for last-minute grocery and household needs. Highly recommended for anyone looking for quick and reliable service!",https://play.google.com/store/apps/details?id=com.grofers.customerapp&reviewId=c8fa9f7d-b0c4-4765-83a0-4ca83146ed18,0,17.97.3,en,Detailed review export,366
GP-D-256a479f-15a5-4eca-a744-3a148892c340,Google Play,App review,2026-07-21,1,,totally worst app ever specially dont ever try to buy electronics product through this platform they will scam you i have recently order a mixer grinder the box was totally tourn very bad condition box still they delivered me that product after i check i raised concern its defective they says its normal the mixer was making so noise and all the jar was defective still they say that not our fault this don't comes under our policy rules beware i suggest do ever by from blinkit its totally scammer.,https://play.google.com/store/apps/details?id=com.grofers.customerapp&reviewId=256a479f-15a5-4eca-a744-3a148892c340,2,18.9.3,en,Detailed review export,500
GP-D-2dd65d38-297c-4cab-97b9-673810c8b693,Google Play,App review,2026-07-21,5,,"Very fast delivery (often within 10–20 minutes in supported areas). 🛒 Large selection of groceries, medicines, electronics, pet supplies, and daily essentials. 📱 Easy-to-use app with multiple payment options. 🎁 Frequent discounts and offers for regular users.",https://play.google.com/store/apps/details?id=com.grofers.customerapp&reviewId=2dd65d38-297c-4cab-97b9-673810c8b693,2,18.7.0,en,Detailed review export,259
GP-D-20fdf431-ad2b-4913-a438-0e36ceb39ab2,Google Play,App review,2026-07-30,1,,I've been using this app for a long time but few days ago they scammed me. So I bought a 4 in one data cable and it wasn't working properly then I raised a complaint in chat support and they said contact the brand for warranty and gave me e-mail and phone number of that brand but neither they replied not answered my call it's totally scam and I'm going to stop using blinkit forever and I wish it gets banned forever I'll keep praying that both pay for it.,https://play.google.com/store/apps/details?id=com.grofers.customerapp&reviewId=20fdf431-ad2b-4913-a438-0e36ceb39ab2,0,17.97.3,en,Detailed review export,458
GP-D-8c521845-68a1-44ee-a5ba-7295ff6e02df,Google Play,App review,2026-07-09,2,,"Blinkit is overpriced. It charges high price for vegetables and fruits as compared to the market. It also charges Rs 5 as handling fee which other online shopping apps doesn't ask for. We use blinkit only in case of emergency when items are not available on other apps, otherwise we usually don't like to use blinkit because of its high price for everything. It doesn't even provide discount on items. Not worth to pay double price as compared to market for stale things. A total waste of money.",https://play.google.com/store/apps/details?id=com.grofers.customerapp&reviewId=8c521845-68a1-44ee-a5ba-7295ff6e02df,6,18.7.0,en,Detailed review export,495
GP-D-982df9a8-8719-4f8d-ab94-7112aacfe591,Google Play,App review,2026-07-18,5,,"Excellent app! Super fast delivery, wide range of products, and very user-friendly interface. Orders always arrive on time, well packed, and in great condition. Customer support is also quick and helpful. Blinkit has made grocery shopping so convenient. Highly recommended!❤️❤️❤️",https://play.google.com/store/apps/details?id=com.grofers.customerapp&reviewId=982df9a8-8719-4f8d-ab94-7112aacfe591,1,18.7.0,en,Detailed review export,279
GP-D-88b5cef7-36b2-41d8-ba53-3832dd9468a6,Google Play,App review,2026-07-19,5,,"Blinkit is very convenient for quick grocery and daily essentials delivery. The app is easy to use, delivery is usually fast, and I can find most items I need. A great option when you need something urgently without going to the store.",https://play.google.com/store/apps/details?id=com.grofers.customerapp&reviewId=88b5cef7-36b2-41d8-ba53-3832dd9468a6,1,18.7.0,en,Detailed review export,235
GP-D-8f353a0c-f206-481c-acc7-554cfab20de0,Google Play,App review,2026-07-30,1,,"Customer service is worst here. There is no response on the enquiry on chatbox, and when contacted via mail, they have no resolution or answers regarding there damaged product delivery, even when thy especially mention 72 hours replacement available for the item. I have worst experience on this app. Please beware of their product and their services.",https://play.google.com/store/apps/details?id=com.grofers.customerapp&reviewId=8f353a0c-f206-481c-acc7-554cfab20de0,0,18.7.0,en,Detailed review export,351
GP-D-a0d5feed-8270-4939-8bd3-8ed012c4c7aa,Google Play,App review,2026-07-25,1,,"Agent claiming that I had provided the wrong address even though I had confirmed the correct address twice the delivery agent then told me that he would mark the order as delivered temporarily and come to my actual address within 10 minutes to hand over the product I waited as said but he never arrived later I contacted customer care and requested a refund but I was informed that it would take 3-5 It has now been five days and I still have not received my refund, this is completely unacceptable",https://play.google.com/store/apps/details?id=com.grofers.customerapp&reviewId=a0d5feed-8270-4939-8bd3-8ed012c4c7aa,0,18.13.0,en,Detailed review export,499
GP-D-eb69d236-1b79-46a7-bc90-4a22d2ddfea4,Google Play,App review,2026-07-14,1,,"I accidentally placed an order by mistake. It happened suddenly, and I didn’t get the chance to review it properly. Unfortunately, I’m unable to cancel it. ln help centre l requested many times but they denied it.",https://play.google.com/store/apps/details?id=com.grofers.customerapp&reviewId=eb69d236-1b79-46a7-bc90-4a22d2ddfea4,2,18.9.3,en,Detailed review export,213
GP-D-12a12730-3807-4569-a0db-77e9cec215b9,Google Play,App review,2026-06-17,1,,"I am writing to report that my order is showing as ""Delivered"" in the app, but I have not received the parcel. I contacted customer support within approximately 2 hours of the delivery status being updated. However, I was informed that complaints can only be registered after 24 hours. This is unreasonable, as customers should be able to report non-delivery immediately. Moreover, the customer care representative was rude, unhelpful, and behaved unprofessionally during the conversation. I request",https://play.google.com/store/apps/details?id=com.grofers.customerapp&reviewId=12a12730-3807-4569-a0db-77e9cec215b9,13,17.99.1,en,Detailed review export,499
GP-D-8ca51a45-4463-4c1b-9070-04ff0f32630f,Google Play,App review,2026-07-29,1,,"their customer service is very pathetic,they close the 7 day return window before time,they don't respond after completing the order,if the order is faulty, damaged,cheap then it's not their fault,it's your fault .",https://play.google.com/store/apps/details?id=com.grofers.customerapp&reviewId=8ca51a45-4463-4c1b-9070-04ff0f32630f,0,18.13.0,en,Detailed review export,214
GP-D-c5b8feab-5e30-4cb0-8394-6fd40b8527e7,Google Play,App review,2026-07-26,2,,"Good app in all respects except that recently they have made it very difficult and counter intuitive to see the breakup of charges, a dishonest practice. Coupon access is also non intuitive with the app presenting the payment button / section as the most visible option on checkout page.",https://play.google.com/store/apps/details?id=com.grofers.customerapp&reviewId=c5b8feab-5e30-4cb0-8394-6fd40b8527e7,0,18.13.0,en,Detailed review export,287
GP-D-bd0e9e13-34da-47c2-a056-3082562384e3,Google Play,App review,2026-07-05,1,,"Extremely disappointing service. I received a product that was not in proper condition, but instead of resolving the issue, customer support kept repeating the same responses and dragged the complaint on for hours. I was asked for explanations and details again and again for a very simple issue. As a customer, I paid full price for the product and expected to receive it in proper condition. Instead, I was left wasting my time trying to convince support that there was a genuine problem",https://play.google.com/store/apps/details?id=com.grofers.customerapp&reviewId=bd0e9e13-34da-47c2-a056-3082562384e3,4,18.7.0,en,Detailed review export,489
GP-D-878c1c2b-7b20-4f09-ba5a-73fb33c71161,Google Play,App review,2026-07-14,1,,"I had a very bad experience with this app. I ordered 4 items, but only 3 were delivered. When I contacted customer support to report the missing item, they simply claimed that all 4 items had been delivered and did not take any action to investigate or resolve the issue. This was extremely disappointing. I paid for 4 items but received only 3, and the support team refused to help. Based on my experience, I cannot recommend this app for quick deliveries. I expected better customer service.",https://play.google.com/store/apps/details?id=com.grofers.customerapp&reviewId=878c1c2b-7b20-4f09-ba5a-73fb33c71161,3,18.7.0,en,Detailed review export,493
GP-D-5e7ca508-6062-4681-a7d5-a36513211ea9,Google Play,App review,2026-07-15,1,,"Worst shopping app. No payment method works, so placing an order is impossible. This app wastes customers' time. If you can't provide a working payment system, there's no point in using the app. Very poor experience.",https://play.google.com/store/apps/details?id=com.grofers.customerapp&reviewId=5e7ca508-6062-4681-a7d5-a36513211ea9,2,18.7.0,en,Detailed review export,216
GP-D-4b048bf1-6f52-4d70-b107-e6bac3f7c978,Google Play,App review,2026-07-02,1,,I had a very bad experience with a blinkit product a day ago. I ordered a set of sketch colors which were completely dry even without using them. So the app said that the products could only be replaced not returned. Therefore we replaced those dried sketches and received a new one . Now that too are not working and neither we're able to replace nor return the item. They have now stopped taking out complaints which is not at all fair for us. We want to return the product now.,https://play.google.com/store/apps/details?id=com.grofers.customerapp&reviewId=4b048bf1-6f52-4d70-b107-e6bac3f7c978,9,18.7.0,en,Detailed review export,480
GP-D-06460853-46a7-41e2-a2af-c11ba86e442c,Google Play,App review,2026-07-03,1,,"the app had so many glitches, the same order was placed 5 times, there was not proper option for cancellation, even in customer support the agent was not reading me messages unless I started spamming.. the delivery partner was also very troubled because they had to wait for over an hour for the order to be cancelled, please make your app more convenient for cancellations.",https://play.google.com/store/apps/details?id=com.grofers.customerapp&reviewId=06460853-46a7-41e2-a2af-c11ba86e442c,5,18.7.0,en,Detailed review export,374
GP-D-3c9a54bf-4270-4fbf-8320-190664074644,Google Play,App review,2026-07-15,1,,"I added items to cart for free delivery, but at payment time one item was removed due to out of stock. Then delivery charges were added without my consent. Support said there may have been a banner, but if there is a celebration pop for free delivery, there should also be a clear warning pop when extra charges are added. Chkot UX is pathetic, with too many ads and recs, making the cart confusing and misleading. Another way of misldng ppl for money.Item price and del chg wr same,so pmt amt no chg",https://play.google.com/store/apps/details?id=com.grofers.customerapp&reviewId=3c9a54bf-4270-4fbf-8320-190664074644,5,18.7.0,en,Detailed review export,500
GP-D-3aca7289-327d-423c-8dd6-2e0b1a1020da,Google Play,App review,2026-07-07,2,,"Two major issues. Saved Address LOCATION is forgotten/overridden by live/current location. This happens regularly but intermittently, and once an order is placed, delivery persons are following the current location instead of saved location. Shopping cart randomly becomes empty on its own. I don't think sessions are being handled properly by this app.",https://play.google.com/store/apps/details?id=com.grofers.customerapp&reviewId=3aca7289-327d-423c-8dd6-2e0b1a1020da,4,18.7.0,en,Detailed review export,353
GP-D-6289f61a-6903-422e-abd5-caa301ce8e51,Google Play,App review,2026-07-11,1,,"The pricing on Blinkit feels inconsistent. The same product can have one price in the morning, a different price in the evening, and another price the next day, which makes the pricing seem unpredictable. I have also noticed that sometimes a packing fee is charged, but the items are delivered without any bag and are simply handed over. Another issue is with product availability. If I order from a new phone number, I can see and purchase several 1 kg rice packs. However, when I order from my",https://play.google.com/store/apps/details?id=com.grofers.customerapp&reviewId=6289f61a-6903-422e-abd5-caa301ce8e51,0,18.7.0,en,Detailed review export,495
GP-D-d305736e-8776-4d53-9b6f-1223fa284f9d,Google Play,App review,2026-07-08,5,,"I can't buy a single thing on its actual price. like, when I want something that is only 50rs blinkit will ask for delivery charges and I'll get that 50rs thing in 80rs and then I'll have to add something else so that my amount can reach 100 and then the delivery charges got remove but then there comes handling charges. and like that I always have to buy more than what I want. but as I know that it's actually reasonable I don't mind it. otherwise the app is absolutely great!!! thanks blinkit!🤍",https://play.google.com/store/apps/details?id=com.grofers.customerapp&reviewId=d305736e-8776-4d53-9b6f-1223fa284f9d,3,18.7.0,en,Detailed review export,498
GP-D-5af607b8-5471-4366-950b-b3d18613bc24,Google Play,App review,2026-07-04,5,,"It's a great app, I've been using it for long time and i haven't faced any problem, the delivery is incredibly fast, most orders arrive within 10 minutes, today i order something and get it in just 7 minutes. Also the customer care is very good, few days ago I got damaged product then i call them they respond very well and sends me a fresh new product in few minutes, my overall experience is so good",https://play.google.com/store/apps/details?id=com.grofers.customerapp&reviewId=5af607b8-5471-4366-950b-b3d18613bc24,7,18.7.0,en,Detailed review export,402
GP-D-c2290f78-7052-4014-8764-b00694e78691,Google Play,App review,2026-07-12,1,,"An unsealed intimate item was delivered , when raised concern with support , they said it's just packing issues , and we guarantee it's safe to use. I mean how can they even give such a surety, in short don't expect any standard I throwed away the product. Something are unacceptable and Blinkit should uphold basic standards. Application is great 👍🏻 ,",https://play.google.com/store/apps/details?id=com.grofers.customerapp&reviewId=c2290f78-7052-4014-8764-b00694e78691,3,18.7.0,en,Detailed review export,352
GP-D-75a72914-f495-45d4-a3dc-5217ac1af26b,Google Play,App review,2026-07-08,5,,"Absolutely amazing experience with Blinkit! The delivery is incredibly fast, often arriving even before the estimated time. The groceries and vegetables are always fresh, and the packaging is neat and secure. It has made my daily shopping so much easier. Highly recommended for anyone looking for quick and reliable service!",https://play.google.com/store/apps/details?id=com.grofers.customerapp&reviewId=75a72914-f495-45d4-a3dc-5217ac1af26b,2,18.7.0,en,Detailed review export,324
GP-D-0d0b5523-a171-4a3c-94b6-34fb9f45f933,Google Play,App review,2026-07-19,1,,"I ordered a Citizens 2-fold umbrella based on the product images but received a completely different local umbrella. The delivery partner left without allowing me to check it. Customer support made the return process frustrating, asked me to travel back to the delivery location, couldn't accept gallery images, and then closed my complaint without resolving it. Very disappointing service and misleading product listing. very poor experience we will never order from this app...",https://play.google.com/store/apps/details?id=com.grofers.customerapp&reviewId=0d0b5523-a171-4a3c-94b6-34fb9f45f933,2,18.7.0,en,Detailed review export,479
GP-D-0ae4aacf-6ba5-4a4b-8f30-94cdfe4d54e7,Google Play,App review,2026-07-06,1,,"Very disappointing experience. I ordered water because I was unwell. The app showed 24 minutes, but it was delayed by over 30 minutes. Customer support told me the delivery couldn't be completed, so I cancelled the order. Right after that, the delivery partner arrived at my door. Due to Blinkit's poor coordination, my order was cancelled and now I have to wait 2–3 days for my refund. Very poor service. don't trust on this application",https://play.google.com/store/apps/details?id=com.grofers.customerapp&reviewId=0ae4aacf-6ba5-4a4b-8f30-94cdfe4d54e7,5,18.7.0,en,Detailed review export,437
GP-D-829ca971-d4a7-42da-aed6-44d929b314b4,Google Play,App review,2026-07-12,1,,"Extremely disappointed with Blinkit. I spent ₹1,100 on a headset that turned out to be completely unusable for me.I even tested it on my laptop, but it didn't work as expected.The most frustrating part was the customer support.Despite explaining the issue immediately, Blinkit refused both my return and exchange requests and offered no meaningful solution.This has been a complete waste of my money.Based on my experience,I would advise customers to be very careful before purchasing electronics.",https://play.google.com/store/apps/details?id=com.grofers.customerapp&reviewId=829ca971-d4a7-42da-aed6-44d929b314b4,2,17.99.1,en,Detailed review export,497
GP-D-8c2a4afe-f3b4-4996-b7ad-c82c679dd8c4,Google Play,App review,2026-07-17,1,,"Since early morning, there are a lot of things I have to do so I have ordered 2000 rupees groceries and vegetables. now I see missing items. then I raised concern instead delivering missing items Blinkit is offering refund. my point is 24 rupees missing item again I have to order minimum 200 ruppees. I don't see any customer oriented support here from Blinkit. very disappointing.",https://play.google.com/store/apps/details?id=com.grofers.customerapp&reviewId=8c2a4afe-f3b4-4996-b7ad-c82c679dd8c4,4,18.7.0,en,Detailed review export,382
GP-D-d7d7314e-dbdc-4a97-88b1-80df95409eae,Google Play,App review,2026-07-03,1,,"Absolutely the worst shopping app I've ever used. When I reached the payment page, almost every payment method was unavailable. No UPI, no debit/credit cards—only Amazon Pay Balance was showing. Thinking that would solve the issue, I added ₹1,800 to my Amazon Pay Wallet, but then the app started showing **""Payment method not available due to a technical issue.""** After that, I added the same ₹1,800 to my Blinkit Wallet, and unbelievably, I got the exact same error again. Now my mone",https://play.google.com/store/apps/details?id=com.grofers.customerapp&reviewId=d7d7314e-dbdc-4a97-88b1-80df95409eae,4,18.7.0,en,Detailed review export,487
GP-D-d919f792-0902-4fe1-9f9c-3054adef4024,Google Play,App review,2026-07-08,1,,"Very poor experience. My first payment was deducted, but the app showed it as failed. Because of that, I had to pay the delivery partner again to receive my order. I ended up paying twice for the same order. Despite raising the issue, I still haven't received the refund for the first payment. This is very disappointing. Customers should not have to struggle to get their own money back. Please improve your payment and refund process.",https://play.google.com/store/apps/details?id=com.grofers.customerapp&reviewId=d919f792-0902-4fe1-9f9c-3054adef4024,4,18.7.0,en,Detailed review export,436
GP-D-d88c5ea6-dccc-4652-ae66-da0c0089536f,Google Play,App review,2026-07-06,5,,"⭐⭐⭐⭐⭐ I've tried many quick-commerce apps during this heavy rainfall, but most of them either stopped taking orders or marked their platforms as unavailable. Blinkit was the only app that continued serving customers by delivering orders in batches with short intervals. Even if the delivery took a little longer, they never stopped serving. A huge thanks to the Blinkit team and delivery partners for their dedication and hard work in such difficult weather. Truly appreciated!",https://play.google.com/store/apps/details?id=com.grofers.customerapp&reviewId=d88c5ea6-dccc-4652-ae66-da0c0089536f,5,18.7.0,en,Detailed review export,477
GP-D-976c57ff-41b7-4469-a2cd-1e518c63ada1,Google Play,App review,2026-07-02,1,,"I order from Blinkit regularly, yet almost every delivery partner calls multiple times asking where my location is, even though it's correctly pinned in the app. Some even ask me to come downstairs to collect my order. This defeats the purpose of doorstep delivery. Please resolve your location mapping issues and ensure a better customer experience.",https://play.google.com/store/apps/details?id=com.grofers.customerapp&reviewId=976c57ff-41b7-4469-a2cd-1e518c63ada1,6,17.99.1,en,Detailed review export,350
GP-D-328613f0-378a-4dd7-ae65-9577539026a8,Google Play,App review,2026-07-24,5,,"​Super grateful for Blinkit’s ultra-fast delivery during bad weather when going out isn't an option—plus, it's great seeing it generate local jobs. However, my rule of thumb is simple: if I'm already out and about, I buy from local street vendors and neighborhood shops. Blinkit is wonderful for convenience, but we shouldn't rely on it completely. Let's support both ecosystems!",https://play.google.com/store/apps/details?id=com.grofers.customerapp&reviewId=328613f0-378a-4dd7-ae65-9577539026a8,0,18.7.0,en,Detailed review export,379
GP-D-56b8a404-f0ea-48be-8f1d-236b27d5164d,Google Play,App review,2026-07-03,1,,"the app doesn't allow me the option for cash on delivery. l would like to say that many people who are new to online shopping are not comfortable in sharing their bank details for payment. Hence, kindly revoke that ban Secondly once l ordered something and delivery charged me extra ₹30 since he wasn't able to figure out my address and behaved rudely. Rest l was initially satisfied with the fast delivery and the quality of products delivered. Rest the app is 10/10 for me.",https://play.google.com/store/apps/details?id=com.grofers.customerapp&reviewId=56b8a404-f0ea-48be-8f1d-236b27d5164d,5,18.7.0,en,Detailed review export,475
GP-D-5dd4b433-5715-4e98-b69f-d4035bd618f7,Google Play,App review,2026-07-21,5,,"⭐⭐⭐⭐⭐ Excellent Service! I'm extremely happy with Blinkit. The delivery was incredibly fast, and my order arrived well within the promised time. All the items were fresh, neatly packed, and exactly as ordered. The app is easy to use, prices are reasonable, and the delivery partner was polite and professional. It's very convenient for urgent grocery and household needs. Highly recommended for anyone looking for quick and reliable service. Keep up the great work, Blinkit!",https://play.google.com/store/apps/details?id=com.grofers.customerapp&reviewId=5dd4b433-5715-4e98-b69f-d4035bd618f7,1,18.3.0,en,Detailed review export,474
GP-D-08683303-220e-4b70-b7ea-2a83ee03b256,Google Play,App review,2026-07-14,4,,"I'm happy with Blinkit overall. The customer care service is very good and helpful. However, I've noticed that some products like milk and almonds don't always have a clearly visible expiry date. Also, milk has curdled several times after delivery. The return process works, but it takes time and causes inconvenience. Please ensure that expiry dates are clearly visible and that perishable items are checked properly before delivery. This would make the overall experience much better.",https://play.google.com/store/apps/details?id=com.grofers.customerapp&reviewId=08683303-220e-4b70-b7ea-2a83ee03b256,1,18.7.0,en,Detailed review export,486
GP-D-38d87145-4ca8-4344-b78b-b78934269576,Google Play,App review,2026-07-12,1,,"Very disappointing experience with Blinkit. I ordered a cake, but when I opened the package, several pieces were missing. The package had already been opened before it was delivered to me, which is completely unacceptable. This raises serious concerns about quality control and hygiene. I expected a sealed and complete product, but this was not what I received.",https://play.google.com/store/apps/details?id=com.grofers.customerapp&reviewId=38d87145-4ca8-4344-b78b-b78934269576,5,18.7.0,en,Detailed review export,362
GP-D-ad998be6-3b0f-44ac-b567-0962df73a808,Google Play,App review,2026-07-30,5,,"No doubt this app provides snacks, grocery, electronic and many other item in the time of 15 to 20 minutes. But,I heard the 5 star ambulance service of blinkit in zero fees! for that i wrote this review. Guys support and try this app.",https://play.google.com/store/apps/details?id=com.grofers.customerapp&reviewId=ad998be6-3b0f-44ac-b567-0962df73a808,0,18.13.0,en,Detailed review export,234
GP-D-8a0033e8-9668-4f75-b120-8c80bf20d16c,Google Play,App review,2026-07-05,5,,"it's very impressive that they are really very punctual. as accord to me, everything I got was very fine. and books, I thought it would be pirated, but it was real copy with no damage. but I suggest if you could stock the book's complete series instead of famous books alone. you don't have to stock all books, but atleast stock the series you have alone. because I trust that you give the right books in right time, so please, blinkit, please finish the series alone. I kindly expect a reply😊",https://play.google.com/store/apps/details?id=com.grofers.customerapp&reviewId=8a0033e8-9668-4f75-b120-8c80bf20d16c,3,18.7.0,en,Detailed review export,493
GP-D-a4a9bebb-c6ee-4a52-bc96-3c6331212f08,Google Play,App review,2026-07-06,2,,"The app is overall good but the problems I have been recently facing is that the order shows it will be delivered in suppose 10 mins, but then it takes so longer and sometimes it reaches 25 mins and still the order isn't picked up by any delivery partner. We have trusted Blinkit with our orders but this experience has disappointed me alot more than I expected. I hope you look over this matter blinkit.",https://play.google.com/store/apps/details?id=com.grofers.customerapp&reviewId=a4a9bebb-c6ee-4a52-bc96-3c6331212f08,3,18.3.0,en,Detailed review export,404
GP-D-2b1acf6a-a3de-4568-a8b0-3cab9cde9f44,Google Play,App review,2026-07-01,1,,"very buggy app, unable to use the app always says nothing here.. and some listing disappear just like that.. and sometimes it shows error messages and other times it says VPN is active! if you keep this up....buddy Amanzon Now is giving me cashback that you never gave since your inception, I am a long time user since grofer days! if you block my access and not let me shop at your platform I can just as easily shift to Amazon Now!! just tried placing order now but had to order from Amazon NOW!!",https://play.google.com/store/apps/details?id=com.grofers.customerapp&reviewId=2b1acf6a-a3de-4568-a8b0-3cab9cde9f44,42,18.3.0,en,Detailed review export,498
GP-D-7b387683-ac29-47e4-9e78-26192e4719ee,Google Play,App review,2026-07-06,1,,"Extremely disappointed with Blinkit. I accidentally ordered the same Nivea product twice and requested a replacement for one unopened item, but my request was refused because of their rigid policy. It's frustrating to see no flexibility for genuine customer mistakes. This experience has greatly reduced my trust in Blinkit. I hope they improve their customer service and replacement policy.",https://play.google.com/store/apps/details?id=com.grofers.customerapp&reviewId=7b387683-ac29-47e4-9e78-26192e4719ee,5,18.7.0,en,Detailed review export,391
GP-D-286f13ab-6fe6-4d62-b153-38d0a73f6b31,Google Play,App review,2026-07-06,5,,"I've been using Blinkit for a long time, and it has never disappointed me. The delivery is always super fast, products are fresh, and the app is very easy to use. Customer support is also quick and helpful whenever needed. It has made grocery shopping so convenient. Highly recommended❤️",https://play.google.com/store/apps/details?id=com.grofers.customerapp&reviewId=286f13ab-6fe6-4d62-b153-38d0a73f6b31,5,18.7.0,en,Detailed review export,287
GP-D-c708d966-3296-4124-aa50-85a6de3522ab,Google Play,App review,2026-07-19,1,,"Very disappointing experience with Blinkit. I chose Cash on Delivery, but when the delivery partner arrived, he said he didn't have change. After I received the order, customer service called and told me to cancel the order if I didn't have the exact change. This is very poor customer service. If Cash on Delivery is offered as a payment option, the delivery process should be managed properly without putting the burden on the customer. I expected a much better experience.",https://play.google.com/store/apps/details?id=com.grofers.customerapp&reviewId=c708d966-3296-4124-aa50-85a6de3522ab,0,18.3.0,en,Detailed review export,475
GP-D-1af4821d-6e46-44c3-a8bd-fb3144522854,Google Play,App review,2026-07-03,1,,"Very disappointing experience. I ordered a fragrance gift set for gifting, but it arrived with damaged packaging. When I requested a replacement, customer support dismissed my concern by saying, ""It's not even that torn."" No resolution was provided, yet Blinkit claimed they had made every effort to address the issue. I paid for a new gift item, not a damaged one. Extremely unprofessional customer service and poor quality standards. Won't be ordering again.",https://play.google.com/store/apps/details?id=com.grofers.customerapp&reviewId=1af4821d-6e46-44c3-a8bd-fb3144522854,5,18.7.0,en,Detailed review export,460
GP-D-71d7e7ba-ba5c-4501-bceb-5101cb505b56,Google Play,App review,2026-07-12,1,,I placed an order of around 5-6 items on 7th july all fully available after ordering the items ( I prepaid for the order ) around 8-10 mins later they shows that 1 item is unavailable and for that inconvenience we will refund you the money ( it was 275 rupees ) in 3-5 days and I have being checking from the last 2-3 days that if they did the refund or not today on 12th July I checked on the app its showing that they have returned the money but I have received none & not allowing me to complain,https://play.google.com/store/apps/details?id=com.grofers.customerapp&reviewId=71d7e7ba-ba5c-4501-bceb-5101cb505b56,2,18.7.0,en,Detailed review export,498
GP-D-8a5ba142-56dc-4628-af05-111d4e650ce8,Google Play,App review,2026-07-03,1,,"One of the worst customer experience, I ever had. Every time something or the other item is missing/damaged or rotten. In my last order my whole package of 1600 was not delivered. They provide win win points but whenever one tried to get it or redeem it against those selected product during check out the items are always unavailable and you can never get it. I will advise people to not to trust this app. I order after sometime and again the same delayed service. Nothing has improved. Unworthy",https://play.google.com/store/apps/details?id=com.grofers.customerapp&reviewId=8a5ba142-56dc-4628-af05-111d4e650ce8,8,18.7.0,en,Detailed review export,497
GP-D-4abba02b-a9f4-4e3f-876d-a84954133c9b,Google Play,App review,2026-07-02,1,,"I have ordered Portronics wireless keyboard and mouse from Blinkit. I have received only the wireless keyboard and the wireless mouse was missing. The keyboard was also not working. The cover of the keyboard is dirty and damaged. I have talked to the Blinkit customer service expert, her name was Diya and have asked to eitherprovide the missing mouse or refund the amount. Diya has directly told me that she cannot do anything either of the above in this regard as this is not as Blinkit policy.",https://play.google.com/store/apps/details?id=com.grofers.customerapp&reviewId=4abba02b-a9f4-4e3f-876d-a84954133c9b,3,18.3.0,en,Detailed review export,496
GP-D-3ae31752-dc6b-430b-b8f3-3e181f8ad8da,Google Play,App review,2026-07-05,1,,"Fraudster I cancelled my order because your support assured me that the promo code would be refunded and could be used on my next order. When I tried to use it after 30 days, I was informed that it had expired and was valid only for 30 days. This condition was never disclosed at the time of cancellation. Instead of refunding my money, you replaced it with a time-limited promo code, causing me financial loss. This is an unfair and misleading trade practice.",https://play.google.com/store/apps/details?id=com.grofers.customerapp&reviewId=3ae31752-dc6b-430b-b8f3-3e181f8ad8da,1,17.97.1,en,Detailed review export,460
GP-D-48a80e81-d7ab-464b-b296-9bde608f6100,Google Play,App review,2026-07-02,1,,"blinkit sent me a defective product and now they are making a lot of fuss about exchanging it. I am worried since yesterday but I have not received my exchange product. if there is any issue with the product then it only shows that your order has been placed but there is an issue with the delivery. And since yesterday these people are saying the same thing, when I placed another product, it got placed easily and is coming also it's mean that they were making excuses when I try to exchange.",https://play.google.com/store/apps/details?id=com.grofers.customerapp&reviewId=48a80e81-d7ab-464b-b296-9bde608f6100,6,18.7.0,en,Detailed review export,494
GP-D-34cf3b84-8592-4726-8712-2e5db5bd5def,Google Play,App review,2026-07-02,3,,"very nice app, but I don't get the logic behind adding extra handling charges when the order is 1500rs+ . I have to add a lot of products to 'unlock' free delivery, even when the blink it store near me is just 1.3km near me. I hope they look into the matter.",https://play.google.com/store/apps/details?id=com.grofers.customerapp&reviewId=34cf3b84-8592-4726-8712-2e5db5bd5def,7,18.7.0,en,Detailed review export,258
GP-D-79b48b9e-224d-46c6-b115-1e449ea60792,Google Play,App review,2026-07-10,1,,Very poor service. I raise query for missing items and the executive said we are unable to redeliver the products and also unable to refund amount. I always face issues when the order is huge. Also the quality of products is very poor.,https://play.google.com/store/apps/details?id=com.grofers.customerapp&reviewId=79b48b9e-224d-46c6-b115-1e449ea60792,2,18.9.2,en,Detailed review export,235
GP-D-4a281f57-07b1-4d8a-b226-a835414c1b81,Google Play,App review,2026-07-14,3,,it's good but once I order a lamp and i had do ne online payment firstly they show that your order is placed but later it was like due to some issue we were not able to place your order but from my end payment was done so they were be like you will get your refund in two to three days but it's been more than a month I haven't received my payment,https://play.google.com/store/apps/details?id=com.grofers.customerapp&reviewId=4a281f57-07b1-4d8a-b226-a835414c1b81,2,18.7.0,en,Detailed review export,347
GP-D-8283e5f4-0ef7-496e-8208-d1ac7f205a6e,Google Play,App review,2026-07-07,1,,"I ordered BoldFit medium-size gloves but received a different brand in the wrong size. When I requested a return, it was rejected, claiming the product was used. This is completely unfair. You delivered the wrong item and then refused the return. I expect an immediate refund or replacement.",https://play.google.com/store/apps/details?id=com.grofers.customerapp&reviewId=8283e5f4-0ef7-496e-8208-d1ac7f205a6e,2,18.7.0,en,Detailed review export,291
GP-D-6c561309-4915-496e-aec9-8c80a65aef80,Google Play,App review,2026-07-04,5,,"⭐⭐⭐⭐⭐ Blinkit has made daily shopping incredibly convenient. The delivery is consistently fast, the app is easy to use, and the wide range of products means I can find almost everything I need in one place. The delivery partners are polite, and the packaging is always neat. It's a huge time-saver, especially during busy days. Highly recommended for anyone looking for quick and reliable grocery and essentials delivery!",https://play.google.com/store/apps/details?id=com.grofers.customerapp&reviewId=6c561309-4915-496e-aec9-8c80a65aef80,6,18.7.0,en,Detailed review export,421
GP-D-73292ee6-f616-44a5-9e75-cb0559cb64de,Google Play,App review,2026-07-09,1,,"Absolute fraud! Placed my 1st prepaid order for 4 items. Blinkit unilaterally changed it to 3 items and marked it ""amended & delivered"" to hide the missing item. Instead of refunding, they adjusted and distributed the price of all 4 original items into the 3 delivered items! They literally inflated the prices post-purchase to pocket my full prepaid money. This is blatant invoice manipulation and cheating. First and last time using this app. Avoid prepaid orders!",https://play.google.com/store/apps/details?id=com.grofers.customerapp&reviewId=73292ee6-f616-44a5-9e75-cb0559cb64de,3,18.7.0,en,Detailed review export,466
GP-D-e709ad9b-c501-45d1-9e09-6b3a54ca04b3,Google Play,App review,2026-07-16,4,,one thing that can be improved is the search feature. there are many things/ ingredients which have local names so it becomes hard to search them especially for elders and parents. other than that I don't see any short comings.,https://play.google.com/store/apps/details?id=com.grofers.customerapp&reviewId=e709ad9b-c501-45d1-9e09-6b3a54ca04b3,1,18.9.3,en,Detailed review export,227
GP-D-a79fd8e0-0d8f-4eb4-ac16-49c36de18458,Google Play,App review,2026-07-08,1,,"Very disappointing experience. The product page clearly mentioned ""7 Days Easy Return – Hassle free return or exchange for size issues."" However, when I requested an exchange due to a size issue, it was denied by citing conditions that were never disclosed at the time of purchase. Customer support only apologized but failed to provide any solution. Buyers should take screenshots of the return policy before purchasing. Poor after-sales service and misleading customer experience. Not recommended.",https://play.google.com/store/apps/details?id=com.grofers.customerapp&reviewId=a79fd8e0-0d8f-4eb4-ac16-49c36de18458,3,18.7.0,en,Detailed review export,499
GP-D-15ba3cbc-f001-486a-8f70-df8b5afae462,Google Play,App review,2026-07-13,1,,"I had a very disappointing experience with Blinkit. My NEV rechargeable frother stopped working within 2–3 days. Blinkit Support asked me to return to my original delivery location to request a replacement, which I did. However, the app no longer allowed me to raise the issue or contact an agent. Despite emailing support with proof, videos, and a call recording, I received no response. The warranty support process needs significant improvement",https://play.google.com/store/apps/details?id=com.grofers.customerapp&reviewId=15ba3cbc-f001-486a-8f70-df8b5afae462,3,18.7.0,en,Detailed review export,447
GP-D-3e93ef4f-a83a-4c85-9df7-24c92a78650a,Google Play,App review,2026-07-03,1,,"This App has been designed in such a way that once you click the amount of TIP for the Delivery Person - say Rs. 20, and it asks you if you would like it to be the default TIP Amount for all future orders. However, after that, there is no provision to change the Default Tip amount! Even for a Rs. 50 item you pay the base prices, the handling charges, the surcharge (when applicable) and the Tip. All together could go up to Rs. 120 ! BLINKIT IS DECEIVING PEOPLE. Need to file at CONSUMER COURT.",https://play.google.com/store/apps/details?id=com.grofers.customerapp&reviewId=3e93ef4f-a83a-4c85-9df7-24c92a78650a,2,18.7.0,en,Detailed review export,496
GP-D-13c0c23c-790c-42ef-ad3c-7fb4b0da477d,Google Play,App review,2026-07-05,1,,"Repeatedly receiving damaged items from Blinkit. This time, three bananas arrived split open and exposed. The chatbot was useless—it just asked me to email support and closed the chat. It's frustrating to keep wasting time over problems that shouldn't happen in the first place. Poor quality control and poor customer service. Very disappointing.",https://play.google.com/store/apps/details?id=com.grofers.customerapp&reviewId=13c0c23c-790c-42ef-ad3c-7fb4b0da477d,5,18.7.0,en,Detailed review export,346
GP-D-947dd8ad-077d-464b-bb7f-e3d33c8f6df6,Google Play,App review,2026-07-09,1,,"My experience with Blinkit was extremely disappointing. I received the wrong product, and what made the situation even worse was the poor customer support. Despite reporting the issue immediately, there was no effective resolution or accountability. The customer service team was unresponsive, unhelpful, and failed to provide a satisfactory solution. For a platform that promises convenience and reliability, this level of service is unacceptable. Receiving the wrong product is frustrating.",https://play.google.com/store/apps/details?id=com.grofers.customerapp&reviewId=947dd8ad-077d-464b-bb7f-e3d33c8f6df6,2,18.9.2,en,Detailed review export,492
GP-D-eb62cdbb-2194-44b2-aae4-671f97cfed53,Google Play,App review,2026-07-09,1,,"Extremely disappointed with Blinkit's customer service. My refund has been pending for a long time, and a considerable amount of my money is stuck. The worst part is that there's no way to speak to a real customer support representative. The AI assistant keeps looping through the same menu without resolving the issue. This has been a very frustrating experience. I expected much better support from Blinkit.",https://play.google.com/store/apps/details?id=com.grofers.customerapp&reviewId=eb62cdbb-2194-44b2-aae4-671f97cfed53,1,18.7.0,en,Detailed review export,409
GP-D-38fe35a0-d394-44c2-b5cd-62cdd2449420,Google Play,App review,2026-07-26,1,,"very bad costomer support i recieved a melted and spoiled ice cream when I report for this issue instead of giving response they told me that you have to wait we have many queries at this time and also said that (approach us after some time) this app do not have a proper coustomer support system, instamart is much better than this.",https://play.google.com/store/apps/details?id=com.grofers.customerapp&reviewId=38fe35a0-d394-44c2-b5cd-62cdd2449420,1,18.13.0,en,Detailed review export,333
GP-D-22cc0efa-e130-43a1-a3e7-29cbad91ed0d,Google Play,App review,2026-07-25,1,,"Very disappointing experience with Blinkit. I ordered a product worth ₹97, but the final bill became ₹172 because of multiple extra charges - ₹5 handling fee, ₹20 small cart fee, ₹30 delivery charge, and ₹20 tip. what is this??????? These additional charges almost doubled the cost of the product. The pricing doesn't feel transparent or customer-friendly. Blinkit should reduce these extra fees or clearly justify them before checkout.",https://play.google.com/store/apps/details?id=com.grofers.customerapp&reviewId=22cc0efa-e130-43a1-a3e7-29cbad91ed0d,0,18.9.3,en,Detailed review export,436
GP-D-cfb4a1f2-68d3-4132-a5cc-69fdbc2ca65e,Google Play,App review,2026-07-25,5,,"Nitin jadhav Blinkit is really a great app! The service is super fast. I recently returned a product, and the refund was credited very quickly without any hassle. The products are good, and the overall experience has been excellent. Highly recommended for quick and reliable service!",https://play.google.com/store/apps/details?id=com.grofers.customerapp&reviewId=cfb4a1f2-68d3-4132-a5cc-69fdbc2ca65e,1,18.13.0,en,Detailed review export,283
GP-D-720b4456-2b1b-4fff-aa8a-b20ba251aec6,Google Play,App review,2026-07-15,2,,"I am extremely disappointed with Blinkit's customer support. I returned my COD order and was promised a refund of ₹1011 by 13 July 2026, but today is 15 July and I still haven't received it. The app only shows the same automated message again and again, with no option to speak to a real support agent. There is no proper update, no refund reference number, and no actual assistance. I expected much better service from Blinkit. Please resolve my refund issue as soon as possible because this experie",https://play.google.com/store/apps/details?id=com.grofers.customerapp&reviewId=720b4456-2b1b-4fff-aa8a-b20ba251aec6,3,18.9.3,en,Detailed review export,500
GP-D-17989b18-f5a3-4474-9478-1ccf068de8dd,Google Play,App review,2026-07-06,1,,"I am extremely disappointed with my recent experience. I accidentally ordered the wrong laptop charger and immediately tried to return it. However, I was informed that the item is not eligible for return, without being provided with any reasonable resolution. This is very frustrating because mistakes can happen while placing an order, especially for electronic accessories where compatibility is important. As a customer, I expected better support and at least an option for a return, exchange, or",https://play.google.com/store/apps/details?id=com.grofers.customerapp&reviewId=17989b18-f5a3-4474-9478-1ccf068de8dd,1,18.7.0,en,Detailed review export,499
GP-D-0deb577b-3c5a-420f-9718-72affda33556,Google Play,App review,2026-07-23,5,,"⭐⭐⭐⭐⭐ Blinkit is one of the best delivery apps I've used. The delivery is always super fast, products are fresh, and the packaging is excellent. I also love initiatives like the ambulance service—it shows Blinkit cares about people, not just business. The app is easy to use, and the delivery partners are polite and professional. My only small suggestion is that I rarely receive good offers or discount coupons. I hope Blinkit rewards loyal customers with better deals. Overall, an amazing experie",https://play.google.com/store/apps/details?id=com.grofers.customerapp&reviewId=0deb577b-3c5a-420f-9718-72affda33556,1,18.9.3,en,Detailed review export,499
GP-D-ab905c37-85e5-49ad-8ff0-6efc43ab1429,Google Play,App review,2026-07-27,1,,Blinkit use cold storage stores to deliver rotten and expired products don't ever trust them for your family health. They even manipulated labels to alter manufacturing dates and expiry dates. In india they knew they could easily get away with such malpractice. Don't rate them just for convenience and quick delivery. Quality and authenticity of products are not reliable.,https://play.google.com/store/apps/details?id=com.grofers.customerapp&reviewId=ab905c37-85e5-49ad-8ff0-6efc43ab1429,0,18.13.0,en,Detailed review export,373
GP-D-fff7ee8a-6125-4b13-b34e-27644d6b3657,Google Play,App review,2026-07-15,5,,"Excellent service! My order was delivered on time. All the items were fresh and neatly packed. The delivery was quick, and the overall experience was excellent. Highly recommended. Will definitely order again!""",https://play.google.com/store/apps/details?id=com.grofers.customerapp&reviewId=fff7ee8a-6125-4b13-b34e-27644d6b3657,3,18.9.3,en,Detailed review export,210
GP-D-8df35976-b94b-4d13-8efc-4d7fca047658,Google Play,App review,2026-07-25,1,,"no happy with ur delivery boys. without verify ordered items they were insisting us for otp. when I insist them to verify items, they were responded us that u open this bag and check ur items. it's not good practice. it's their moral responsibility to show all items r there as per our order or not. this is not good practice. my mother in 80 years old, if I am not at home how it is possible to verify ordered items.",https://play.google.com/store/apps/details?id=com.grofers.customerapp&reviewId=8df35976-b94b-4d13-8efc-4d7fca047658,2,18.13.0,en,Detailed review export,417
GP-D-f794f972-46fc-4e33-9618-2a07aaece6cd,Google Play,App review,2026-07-26,1,,"Worst shopping app. Customer support is pathetic. Nobody listen to the customer New experience - I ordered pedigree dentastix for my dog on 26/7/26. There was offer of 3+1 in the app. But after ordering 3 pieces, no free piece was delivered. Customer executive refused to honour the offer.",https://play.google.com/store/apps/details?id=com.grofers.customerapp&reviewId=f794f972-46fc-4e33-9618-2a07aaece6cd,2,18.9.3,en,Detailed review export,289
GP-D-99712d0b-e94b-4235-a226-0f196107d0df,Google Play,App review,2026-06-08,1,,"very bad experience with blinkit. it's app is hanging. I am extremely disappointed with Blinkit's return policy and customer support. I received a product that did not meet expectations, but the return request was rejected without a satisfactory explanation. The return policy seems heavily tilted against customers and offers very little flexibility, even in genuine cases. As a regular online shopper, I expect fair customer service and reasonable support when issues arise.",https://play.google.com/store/apps/details?id=com.grofers.customerapp&reviewId=99712d0b-e94b-4235-a226-0f196107d0df,10,17.97.3,en,Detailed review export,476
GP-D-419466a2-6d81-4877-89c7-7069ed3e0028,Google Play,App review,2026-07-24,1,,"Very poor services nowadays. Even the app is very poor compared to other similar existing apps. Even if you want to refund the defective product, you are not given option to choose time when to collect, will send for collection evenbat midnight. very poor.",https://play.google.com/store/apps/details?id=com.grofers.customerapp&reviewId=419466a2-6d81-4877-89c7-7069ed3e0028,1,18.13.0,en,Detailed review export,256
GP-D-bab06a56-b70a-442b-9bcc-b8e67180aa39,Google Play,App review,2026-07-11,5,,"I've had a great experience using Blinkit. The app is fast, user-friendly, and the delivery is consistently quick. The quality of the products I've received has always been excellent, with fresh groceries and well-packed items. The wide variety of products and reliable service make shopping very convenient. Thank you for maintaining such high standards—keep up the great work!",https://play.google.com/store/apps/details?id=com.grofers.customerapp&reviewId=bab06a56-b70a-442b-9bcc-b8e67180aa39,4,18.9.3,en,Detailed review export,378
GP-D-4979f975-3eca-406e-88d5-9e06fe2345bf,Google Play,App review,2026-05-28,1,,"I ordered an item, but it was never delivered even though the app marked it as delivered. I raised a complaint through the help section and spoke with customer support, but I still haven’t received any response or refund. The delivery person contacted me after accepting the order and asked me to cancel it from my side, which I did not do. Despite this, the order was later marked as delivered. Very disappointing service.",https://play.google.com/store/apps/details?id=com.grofers.customerapp&reviewId=4979f975-3eca-406e-88d5-9e06fe2345bf,17,17.97.0,en,Detailed review export,423
GP-D-bd38ebc4-2691-4692-a049-2809024090d1,Google Play,App review,2026-06-14,5,,"Blinkit has made daily shopping incredibly convenient. The delivery is usually very fast, the app is easy to use, and there is a wide variety of products available at competitive prices. I especially appreciate the quick delivery service, which saves a lot of time during busy days. The packaging is neat, and customer support is helpful whenever needed. Overall, a reliable and efficient app for grocery and daily essentials shopping. Highly recommended!",https://play.google.com/store/apps/details?id=com.grofers.customerapp&reviewId=bd38ebc4-2691-4692-a049-2809024090d1,11,17.99.1,en,Detailed review export,455
GP-D-0b1e6dbc-ed6a-4804-916d-2de7f03ce222,Google Play,App review,2026-06-28,1,,"Terrible service. Anyone using it should not order food items, particularly that need refrigeration. I ordered protein shakes and rotten products have been delivered thrice! Three times and no improvement in service. Clearly, their stores need to be inspected by Food Authorities. I am not confident of what will come out in terms of storage facilities and conditions.",https://play.google.com/store/apps/details?id=com.grofers.customerapp&reviewId=0b1e6dbc-ed6a-4804-916d-2de7f03ce222,6,18.7.0,en,Detailed review export,368
GP-D-2bf4717f-dc2d-4bf6-968f-67f7ac43f605,Google Play,App review,2026-06-14,1,,"Very Bad experience of support, they have supplied the charging cable and it is not working. No method for replacement is there in the app. When I went to the Blinkit store then they were saying they couldn't replace even 7 days of replacement is available for the product. The support team is not connecting on the chat and I have been trying for 2 days but no response and there is no path to connect with the support team. Delivering faster is not enough. Have some sense of support also.",https://play.google.com/store/apps/details?id=com.grofers.customerapp&reviewId=2bf4717f-dc2d-4bf6-968f-67f7ac43f605,5,17.99.1,en,Detailed review export,491
GP-D-37be6424-5630-456f-a834-66f5e7256315,Google Play,App review,2026-07-18,4,,"it's a really good app for fast delivery and I like it alot ,I have been using blinkit to buy things recently and it's really helpful. But I won't give it a 4 star review cause it's not available in my area 😕 I have to purchase items when I am outside or at college,cause blinkit is not available in my area. So please do something",https://play.google.com/store/apps/details?id=com.grofers.customerapp&reviewId=37be6424-5630-456f-a834-66f5e7256315,0,17.99.1,en,Detailed review export,331
GP-D-b153d16a-2639-4084-bde4-1f0392f0365a,Google Play,App review,2026-05-08,4,,edited--Finaly I got refund. I had received stained and stale product. I placed a request for replacement and again received similar stained packaging. I refused to accept the product but delivery partner said there is no such option available to refuse delivery. He asked me to complain over phone or email. Also while raising a complaint you have to take pics every time from camera and there is no option to add image of product from gallery.,https://play.google.com/store/apps/details?id=com.grofers.customerapp&reviewId=b153d16a-2639-4084-bde4-1f0392f0365a,27,17.95.3,en,Detailed review export,445
GP-D-e030c217-426f-4499-8a3e-9ff5c1a7626c,Google Play,App review,2026-07-19,1,,"The most horrible delivery app there is, the team has blocked any attempt to reach customer support, you're trying your luck if you do a prepaid order, order from other apps, because anything associated with Zomato will be a scam.",https://play.google.com/store/apps/details?id=com.grofers.customerapp&reviewId=e030c217-426f-4499-8a3e-9ff5c1a7626c,0,18.9.3,en,Detailed review export,230
GP-D-7ec0f7c9-c13d-4c13-b670-3e395b4ebede,Google Play,App review,2026-07-15,1,,Blinkit is the worst app for grocery shopping. Most of the products are either expired or broken when received. They don't even issue refunds and customer service is so bad. They don't have any reply to customers even after sending proofs of damaged items. Not going to waste my money here.,https://play.google.com/store/apps/details?id=com.grofers.customerapp&reviewId=7ec0f7c9-c13d-4c13-b670-3e395b4ebede,3,18.9.3,en,Detailed review export,290
GP-D-c458a8ee-311f-4ce4-a518-716aa77378fc,Google Play,App review,2026-07-09,4,,"Blinkit was the first grocery app I used and it was good too. Good offers,good quality and quick delivery. But then there are competetor app which are giving good stuff with little better offers so I personally use blinkit and zepto alot. Also please broaden the delivery areas so that we can order from remote areas also. Thankyou for good experience and keep giving good prices and fine quality products.",https://play.google.com/store/apps/details?id=com.grofers.customerapp&reviewId=c458a8ee-311f-4ce4-a518-716aa77378fc,2,18.9.2,en,Detailed review export,406
GP-D-a5f662e7-d2a5-4154-8d17-da80d8443c9a,Google Play,App review,2026-06-19,1,,"worst experience. ordered three products and whole payment was done via online and suddenly one got out of order and other two got canceled. now it's showing it will take 5 days for refund. if one of the product was unavailable , it should have shown the customer earlier . After the whole payment process and waiting it's showing order cancel and payment would be refunded in 5 days. Such an service is inacceptable by a such a reputed app . I recommend others to do cash on deliveryinstead of upi",https://play.google.com/store/apps/details?id=com.grofers.customerapp&reviewId=a5f662e7-d2a5-4154-8d17-da80d8443c9a,5,18.3.0,en,Detailed review export,498
GP-D-4d20ed2c-7dea-43b8-846f-e4224dc2fb78,Google Play,App review,2026-06-06,2,,"As we go on adding items, the limit of free delivery goes on increasing.. when it's shows add items of particular amount to get free delivery. if items added, it shows again different saying add some more items.. very bad ... it means we have to go on adding items or what .. all business tactics",https://play.google.com/store/apps/details?id=com.grofers.customerapp&reviewId=4d20ed2c-7dea-43b8-846f-e4224dc2fb78,8,17.99.1,en,Detailed review export,296
GP-D-be6f0ea5-2b2e-4e07-9722-e2550450c0c3,Google Play,App review,2026-07-14,4,,"blinkit is a very good delivery app . We are very happy with it but one thing is that the prices are triple of the actual item please make the price relevant as it is very high to purchase , for example : a 10 rupees chips packet is 39 rupees please change it and your app will improve a lot . Thankyou for your service",https://play.google.com/store/apps/details?id=com.grofers.customerapp&reviewId=be6f0ea5-2b2e-4e07-9722-e2550450c0c3,2,18.9.3,en,Detailed review export,319
GP-D-9b1b0ca3-848f-4894-be5b-4a83ef6343ec,Google Play,App review,2026-07-10,1,,"very disappointed with the service. the driver was rude. and refused doorstep delivery at night. he kept my product at an unknown shop and asked me to collect it. he cut the call while i was speaking. I complaint to customer care the agent call me and said it would be re-delivered. but now the status shows exchange completed and I haven't received the product or any call. when I contacted support again, the issue was already closed with no resolution.",https://play.google.com/store/apps/details?id=com.grofers.customerapp&reviewId=9b1b0ca3-848f-4894-be5b-4a83ef6343ec,3,18.7.0,en,Detailed review export,455
GP-D-4c044304-46bc-4b47-9198-c7ac84bfea5d,Google Play,App review,2026-07-11,1,,"i thought Blnkit was better. But Blinkit service is very bad. I ordered 8 parle milano cookies pkts,only 6 were sent. I asked to give a refund coupon for the 2 missing items. The customer care service made it look like I lied. They said they checked with the store and the delivery partber. When the items wete delivered, even the delivery partner sae only 6 came. The stire and the delivery agents lie.",https://play.google.com/store/apps/details?id=com.grofers.customerapp&reviewId=4c044304-46bc-4b47-9198-c7ac84bfea5d,2,18.9.2,en,Detailed review export,403
GP-D-38f51f19-8d3f-4ad8-90c9-a503261c6af7,Google Play,App review,2026-07-10,1,,"Sometimes your delivery partners take their time and even seem to do their personal work while delivering orders. For example, the app shows the delivery will arrive in 10 minutes, but it ends up taking 40 minutes without any valid reason—there's no traffic or bad weather.",https://play.google.com/store/apps/details?id=com.grofers.customerapp&reviewId=38f51f19-8d3f-4ad8-90c9-a503261c6af7,4,18.7.0,en,Detailed review export,273
GP-D-5c17bbdb-c932-4e94-b429-16f41b321f78,Google Play,App review,2026-07-21,1,,"Worst app ,doesn't have replacement policy,Very bad after sales support,If you buy any product from then you can't have any option to replace or return it.They only give wrong 7 days replacement policy.They wouldn't properly solve your problem.After giving them my order Id they don't reply and couldn't do anything,they write it to fool the consumer.worst app I have ever get.",https://play.google.com/store/apps/details?id=com.grofers.customerapp&reviewId=5c17bbdb-c932-4e94-b429-16f41b321f78,2,18.9.3,en,Detailed review export,377
GP-D-eb98ceac-58a1-4ac4-a26f-87e6b64508e1,Google Play,App review,2026-07-07,1,,"worst app, They cancelled order without any issue and when I received order the items are different, I didn't receive my ordered items, sometimes they sent some missing items, I will never order again from this app. one day they didn't sent the items and also the money not sent by the app when I made an query then they said we will sent the order in 15 minutes but I didn't receive the order and also not the refund, then I made an query again then they refund the money , worst app, zero rating,,.",https://play.google.com/store/apps/details?id=com.grofers.customerapp&reviewId=eb98ceac-58a1-4ac4-a26f-87e6b64508e1,2,18.7.0,en,Detailed review export,500
GP-D-7c530e8e-84c9-4ea7-bb40-83801753b1e5,Google Play,App review,2026-07-22,1,,"""The worst app is this. I ordered something, and the product I received was terrible. I even told them to take a return, but they keep asking for photos and videos and are doing nothing. I have had a bad experience; they neither return the product nor refund the money.""",https://play.google.com/store/apps/details?id=com.grofers.customerapp&reviewId=7c530e8e-84c9-4ea7-bb40-83801753b1e5,1,18.9.3,en,Detailed review export,270
GP-D-156742c9-0029-4698-abee-c9a9d0e701c2,Google Play,App review,2026-05-10,1,,To speak with customer support you have to first go through a bot which only has few options and none of which is do you want to speak with human and when you get to customer support they don't give resolution and disconnect the call and when you chat with them they give very slow reply and vague reply they themselves are not sure the issue is solved or not and when I ask them to send me in mail the issues which I have raised they don't do that and close the issue I have recordings to prove it.,https://play.google.com/store/apps/details?id=com.grofers.customerapp&reviewId=156742c9-0029-4698-abee-c9a9d0e701c2,19,17.95.3,en,Detailed review export,499
GP-D-1e8b3530-f6f1-467c-88f8-bfa2ac4fd245,Google Play,App review,2026-07-17,1,,my experience is very bad products pricess are very high and delivery timing is so late I don't think so it's good and beneficial aap worst experience I will never use this app again in future there is no customer service facility if you face any kind of problems regarding order and delivery there is no customer service is available worst app I hate this app,https://play.google.com/store/apps/details?id=com.grofers.customerapp&reviewId=1e8b3530-f6f1-467c-88f8-bfa2ac4fd245,3,18.9.3,en,Detailed review export,360
GP-D-5b0bb83e-db90-4e2d-ba14-4355a284bdc7,Google Play,App review,2026-06-23,1,,They don't have a return option for the product I have purchased a headphones and did not like the sound quality. When I reached out the support they are just saying to reach out the product company site. Compared to this Instamart have the return for the products and they take responsibility for the delivered product if customer have any problem with the item. This blinkit is worst. I'll never use this again,https://play.google.com/store/apps/details?id=com.grofers.customerapp&reviewId=5b0bb83e-db90-4e2d-ba14-4355a284bdc7,8,18.3.0,en,Detailed review export,412
GP-D-9436e960-2910-4303-aae3-79c2a57bb280,Google Play,App review,2026-06-23,1,,"I just ordered some items on blinkit, amount deducted but it's showing still Awaiting Payment Status how much time it will take to confirm. If i need something right now what will I do later if I get it. Also a few days ago I ordered from blinkit, the amount was deducted and they were showing status Payment failed and it will be refunded in 2-3 days. After a few days it's showing money refunded but I didn't receive anything. Why you guys are doing such things...give me my money back.",https://play.google.com/store/apps/details?id=com.grofers.customerapp&reviewId=9436e960-2910-4303-aae3-79c2a57bb280,7,18.3.0,en,Detailed review export,488
GP-D-61e25ea1-694c-4ee1-945c-94b13ed6d61c,Google Play,App review,2026-05-17,1,,"how fast it was processed, there was a mistake in ordering and I had to change some menu and they didn't allow me to edit and they were unable to cancel my order it's so great that they processed so fast orders. this needs to be solve that please allow buyers to edit and have option to delete order there might be some issue or it can be order mistakenly.",https://play.google.com/store/apps/details?id=com.grofers.customerapp&reviewId=61e25ea1-694c-4ee1-945c-94b13ed6d61c,21,17.95.4,en,Detailed review export,356
GP-D-a511d919-57c0-42db-b5c9-c25081a8980e,Google Play,App review,2026-06-29,1,,"Blinkit is a horrible company. They frequently show items as in stock, but after placing an order, they either don't deliver them or send only part of the order, claiming the items are actually out of stock. Customer support offers a refund that takes 2–3 days or a promo code that can't even be stacked with other offers. This keeps happening and shows poor inventory management and terrible customer service.",https://play.google.com/store/apps/details?id=com.grofers.customerapp&reviewId=a511d919-57c0-42db-b5c9-c25081a8980e,5,17.97.3,en,Detailed review export,410
GP-D-5dc5a821-dbed-4803-a304-f6c3dea4076c,Google Play,App review,2026-06-09,5,,"Absolutely love using Blinkit! The delivery is super fast, products are always fresh, and the app is very easy to use. It has made grocery shopping so convenient, especially during busy days. The delivery partners are polite and orders usually arrive exactly as expected. Great discounts, good packaging, and excellent customer experience overall. Highly recommended!",https://play.google.com/store/apps/details?id=com.grofers.customerapp&reviewId=5dc5a821-dbed-4803-a304-f6c3dea4076c,10,17.99.1,en,Detailed review export,367
GP-D-23c68467-51dd-4c3c-852e-20ea1bc28b9e,Google Play,App review,2026-05-30,1,,"Dear Blinkit Team, I am extremely disappointed with my recent order experience. At the time of placing the order, I was shown a total amount of ₹61, but ₹161 was deducted from my bank account. No clear information about any additional charges, handling fees, or extra deductions was displayed before the payment was completed. This is unacceptable and appears to be misleading billing. I request an immediate investigation into this matter and a full refund of the excess amount charged from my accou",https://play.google.com/store/apps/details?id=com.grofers.customerapp&reviewId=23c68467-51dd-4c3c-852e-20ea1bc28b9e,10,17.97.3,en,Detailed review export,500
GP-D-b657bbee-e4bb-4adf-ba71-8168bac7ed2f,Google Play,App review,2026-06-18,1,,"I am extremely disappointed and frustrated with my recent experience with Blinkit. I ordered a phone charging cable expecting to receive the product as advertised on your platform. However, the item delivered to me is clearly a low-quality local product that does not match the description or quality promised at the time of purchase. The cable does not connect properly with my adapter or phone and fails to charge my device reliably. This makes the product practically useless and completely unfit",https://play.google.com/store/apps/details?id=com.grofers.customerapp&reviewId=b657bbee-e4bb-4adf-ba71-8168bac7ed2f,7,17.99.1,en,Detailed review export,499
GP-D-b4812cfd-dbc3-47f9-95f7-ff95c3eba70c,Google Play,App review,2026-05-10,1,,"Absolutely horrible app I would reccomend using swiggy or zepto. These guys don't care about thier customers at all. I ordered food for my pet thinking it would be delivered in 10 mins since that is what the app showed. Food didn't come for an hour and there were absolutely no updates what so ever. When I was finally allowed to called the delivery partner, he told me his vehicle was broken down and they aren't allowed to call us until they reach the location. No updates, no help. Worst app ever!",https://play.google.com/store/apps/details?id=com.grofers.customerapp&reviewId=b4812cfd-dbc3-47f9-95f7-ff95c3eba70c,13,17.95.3,en,Detailed review export,500
GP-D-18867aa0-1893-4f58-8089-9ba9dbebadc3,Google Play,App review,2026-06-13,1,,It was working well till a few months back. Over the past few months the service has become poorer. The ice cream was melted & solidified in a weird shape with remains of ice cream from another one. I tried raising a complaint. However the app showed that its server is jammed and so no request can be accepted. It kept on rejecting my request. No solution till date. Very poor services.,https://play.google.com/store/apps/details?id=com.grofers.customerapp&reviewId=18867aa0-1893-4f58-8089-9ba9dbebadc3,14,17.99.1,en,Detailed review export,387
GP-D-a31340b7-307d-4a98-859f-cd8dd62b6afd,Google Play,App review,2026-06-20,1,,blinkit is a big scam. I ordered peanut butter. I decided my product based on ingredients from pictures of product at blinkit app. when the product arrived i saw the ingredient list never matched the ingredient list from app of the same product they provided. the product i received was full of chemicals. this happened many times. now I have stopped ordering for a while. they only ask for review about color of the app. lol,https://play.google.com/store/apps/details?id=com.grofers.customerapp&reviewId=a31340b7-307d-4a98-859f-cd8dd62b6afd,7,18.3.0,en,Detailed review export,425
GP-D-9695337d-d373-43fe-bc88-194dc4fce437,Google Play,App review,2026-06-05,1,,"ordered cheery but rececived I ordered cherries, but the quantity I received was significantly less than what I paid for. When I contacted customer support, they repeatedly asked for photos as proof. However, I do not understand how a photo can accurately show the quantity that was delivered versus what was ordered. Despite multiple complaints, no action was taken. In the end, I was simply informed that the item had already been sold and that nothing could be done. As a result, I was charged fo",https://play.google.com/store/apps/details?id=com.grofers.customerapp&reviewId=9695337d-d373-43fe-bc88-194dc4fce437,14,17.97.3,en,Detailed review export,499
GP-D-ed488df9-46be-408f-bd2b-9ceb8c6b979f,Google Play,App review,2026-05-18,1,,"I had a very disappointing experience with Blinkit. My order was cancelled without any valid reason, and I have still not received a refund for it. What's worse is that there is absolutely no proper customer support to resolve the issue-no response, no accountability. This kind of service is unacceptable, especially when customers trust the app for quick and reliable delivery. If orders can be cancelled arbitrarily and refunds are not processed on time, it raises serious concerns.",https://play.google.com/store/apps/details?id=com.grofers.customerapp&reviewId=ed488df9-46be-408f-bd2b-9ceb8c6b979f,14,17.97.1,en,Detailed review export,485
GP-D-fc8fce3d-f25d-4005-ab93-8fc6772180a7,Google Play,App review,2026-05-31,1,,"Worst customer service. First my items got delivered at the wrong address. Then after calling the delivery partner, who was rude and not agreeing that he delivered it at the wrong location, and did not even recheck the address in his app, finally agreed after I sent him a screenshot. Then the awesome customer service, who charged me for a surcharge ( timely delivery), but didn't want to refund this money even after they did provide the timely service.",https://play.google.com/store/apps/details?id=com.grofers.customerapp&reviewId=fc8fce3d-f25d-4005-ab93-8fc6772180a7,14,17.97.3,en,Detailed review export,455
GP-D-385276d1-00d9-44db-a4ae-49af261632ff,Google Play,App review,2026-06-17,5,,"As a regular customer, Blinkit is very helpful for me. The delivery is too fast often arriving at my door in under 15 minutes! Most importantly, the fruits, vegetables, and dairy products are always crisp, fresh, and securely packaged. It is incredibly convenient for daily needs and last-minute cravings. Highly recommended! Thank you for your service at Sangareddy.",https://play.google.com/store/apps/details?id=com.grofers.customerapp&reviewId=385276d1-00d9-44db-a4ae-49af261632ff,9,18.3.0,en,Detailed review export,367
GP-D-3589c132-f1d2-490b-a679-c399f5374cdd,Google Play,App review,2026-05-27,1,,"It was a very disappointing experience ordering through Blinkit. The item delivered was not in the size I had selected, and unfortunately, I’m unable to return it since it is marked as non-refundable. It would have been better if there had been a proper confirmation or warning before placing the order. Very disappointed 😔",https://play.google.com/store/apps/details?id=com.grofers.customerapp&reviewId=3589c132-f1d2-490b-a679-c399f5374cdd,8,17.97.3,en,Detailed review export,323
GP-D-32a071b3-6d43-4ea3-9450-bf6098c478e2,Google Play,App review,2026-06-11,1,,"I am extremely disappointed with my experience. On 5 June 2026, I placed an order worth ₹250, and the payment was successfully deducted from my account. However, the order was never placed. When I contacted support through the chat box, I was informed that the amount would be refunded by 10 June 2026. Today, the refund has still not been credited to my account. Additionally, there appears to be no proper customer care support available to resolve this issue i request not to the blink it app",https://play.google.com/store/apps/details?id=com.grofers.customerapp&reviewId=32a071b3-6d43-4ea3-9450-bf6098c478e2,9,17.99.1,en,Detailed review export,495
GP-D-2169e1b2-514c-401a-a836-360482e33657,Google Play,App review,2026-06-05,1,,"You should deliver the order to the specified delivery address rather than the current location, as the location shown can sometimes be incorrect. I have faced significant issues because of this; the delivery personal often speak rudely because they are unable to find the location due to the inaccurate data being displayed.",https://play.google.com/store/apps/details?id=com.grofers.customerapp&reviewId=2169e1b2-514c-401a-a836-360482e33657,8,17.97.3,en,Detailed review export,325
GP-D-ab629837-6d93-4919-8e03-434b3a06409e,Google Play,App review,2026-06-24,1,,"very Very disappointing experience with this app. The server is extremely poor, and the overall service is pathetic. I ordered a 3D Moon Light but received a very cheap heart-shaped light worth barely ₹50 instead. To make matters worse, I'm unable to use the coupon amount that was issued. The whole process has been frustrating and inconvenient. I've had a much smoother, hassle-free experience with Swiggy, which is far better in comparison. Would not recommend this app to anyone.",https://play.google.com/store/apps/details?id=com.grofers.customerapp&reviewId=ab629837-6d93-4919-8e03-434b3a06409e,6,18.3.0,en,Detailed review export,483
GP-D-871cec09-4636-4aa3-99b1-d54cb2acae63,Google Play,App review,2026-05-18,1,,"The delivery speed is good, but the customer service is terrible if something goes wrong. I have had three instances where my order was never delivered, but my money was deducted. Blinkit claims the refund is processed and blames the bank, but the money never arrives. Your customer support is just a wall of unhelpful automated replies and offers no real human assistance. I have lost money three times now and will not be using this app again. BEWARE OF BLINKIT",https://play.google.com/store/apps/details?id=com.grofers.customerapp&reviewId=871cec09-4636-4aa3-99b1-d54cb2acae63,16,17.95.4,en,Detailed review export,463
GP-D-e496efa1-7b04-44d4-b312-1fc73475dd46,Google Play,App review,2026-06-23,1,,"First of all no one asked you to deliver within 10 minutes and second of all, when you're sending a damaged product, the concern for getting it returned is fast and that is okay but when it comes to refund and you want to interact with a support there's no helpline number to call, there's no proper chat agent to interact what should I possibly do with an AI bot? where I cannot even share my issue the worst possible support system ever. Better close this support system entirely.",https://play.google.com/store/apps/details?id=com.grofers.customerapp&reviewId=e496efa1-7b04-44d4-b312-1fc73475dd46,8,18.3.0,en,Detailed review export,482
GP-D-56384086-676e-4c17-8028-688ec2665c41,Google Play,App review,2026-06-01,2,,"Very disappointing experience. I added extra items only to qualify for free delivery, but Blinkit silently removed one item during payment and also removed it from the order details. After delivery, I realized I received only 3 items instead of 4. Now I have to place another order and again add unnecessary items to get free delivery. This feels misleading and unfair.",https://play.google.com/store/apps/details?id=com.grofers.customerapp&reviewId=56384086-676e-4c17-8028-688ec2665c41,8,17.97.3,en,Detailed review export,369
GP-D-806d8838-e0f7-4b15-a5a5-d19bfbfdcafb,Google Play,App review,2026-05-23,1,,"Worst experience with Blinkit. They instantly accepted my order and charged my credit card, but later cancelled it saying the item was out of stock. If the product wasn't available, why was the order accepted in the first place? Payment gets deducted immediately, but refund takes 4-7 days for a mistake from Blinkit's side. Customers should not have to wait for their own money because of poor inventory management. Very disappointing service",https://play.google.com/store/apps/details?id=com.grofers.customerapp&reviewId=806d8838-e0f7-4b15-a5a5-d19bfbfdcafb,11,17.95.4,en,Detailed review export,443
GP-D-a2fd01cd-4b06-4c15-8704-6859b03a0a41,Google Play,App review,2026-05-11,1,,"good app, but when it comes to queries customer care is not available on phone. there is a wastage of time with the message exchanging in the app. for me I ordered some products in the first attempt money was debited from my account but still it showed retry payment. hence I hv again made payment and both the orders have come which hv now doubled items . pls take the double orders items back. also in both the orders we found cockroaches running in the bags.",https://play.google.com/store/apps/details?id=com.grofers.customerapp&reviewId=a2fd01cd-4b06-4c15-8704-6859b03a0a41,20,17.95.3,en,Detailed review export,461
GP-D-62af481c-c373-4d5e-a37e-97d12725bd5a,Google Play,App review,2026-06-21,1,,"Horrid experience. Delivery agent was so bad, he didn't call in the number that was provided in the receiver's number section. Kept calling me, I was unavailable and then cancelled my order. Didn't even receive the Rs 50 off welcome offer. Very very bad service. I couldn't reach any customer care support and all are bots. Highly inconvenient platform!!",https://play.google.com/store/apps/details?id=com.grofers.customerapp&reviewId=62af481c-c373-4d5e-a37e-97d12725bd5a,7,18.3.0,en,Detailed review export,354
GP-D-b7277a29-3cbd-4a6f-8128-8629de0e05bf,Google Play,App review,2026-06-07,1,,"I received expired rice from Blinkit, and it was completely rotten and full of insects. When I filed a complaint, they refused to give me a refund. Instead, they issued a replacement, but they delivered the exact same expired product again! After that, they provided absolutely no solution, even after I emailed them. This is an utterly pathetic app; nobody should ever order anything from it",https://play.google.com/store/apps/details?id=com.grofers.customerapp&reviewId=b7277a29-3cbd-4a6f-8128-8629de0e05bf,8,17.97.3,en,Detailed review export,392
GP-D-05276c31-3eb9-4465-aadf-04c1187c0a2a,Google Play,App review,2026-05-30,5,,"This app is completely secure and if we are unable to go anywhere, we can get groceries delivered to our doorstep by just blinking it. This app is absolutely helpful; there are no problems with it. We can order groceries or other essential items from anywhere and at any time. And finally, thank you Blinkit, you made everything easy.",https://play.google.com/store/apps/details?id=com.grofers.customerapp&reviewId=05276c31-3eb9-4465-aadf-04c1187c0a2a,6,17.97.3,en,Detailed review export,334
GP-D-7a901e5c-9297-43b5-96bb-df4111037c07,Google Play,App review,2026-05-22,4,,"I love the app. One suggestion, I would like to mention is please try to name the store from which our products are coming from. sometimes, the delivery becomes unsuccessful, because the phone number becomes unreachable sometimes, so that way when it is getting returned to the store, we can pick it up from the store itself. Happened with me today, and realized store name is important. I would be obliged if you do a little correction. Thank you😊",https://play.google.com/store/apps/details?id=com.grofers.customerapp&reviewId=7a901e5c-9297-43b5-96bb-df4111037c07,15,17.97.2,en,Detailed review export,448
GP-D-4fcd13ff-9bb6-4393-a5d4-71fdd64ea973,Google Play,App review,2026-05-24,2,,"App is ok occasional issue while applying voucher codes, but the problem is I always see surge price of 30rs after 5pm evening. although they say delivery is free they collect it through surge fee most of the time. to avoid that you have to order atleast 500. secondly, on comparing with other widely used platforms most of the product rates are usually higher by 10-15% from other platforms. So not a great experience overall.",https://play.google.com/store/apps/details?id=com.grofers.customerapp&reviewId=4fcd13ff-9bb6-4393-a5d4-71fdd64ea973,15,17.95.4,en,Detailed review export,427
GP-D-d85f23b2-f861-4b08-9f04-abf91f2bafda,Google Play,App review,2026-06-26,2,,"Blinkit has made grocery shopping incredibly convenient. The delivery is consistently fast, and the app is easy to navigate with a wide range of products available. I especially appreciate the fresh produce and reliable packaging. While some items occasionally go out of stock during peak hours, the overall experience has been smooth and time-saving. A great option for anyone looking for quick and hassle-free deliveries.",https://play.google.com/store/apps/details?id=com.grofers.customerapp&reviewId=d85f23b2-f861-4b08-9f04-abf91f2bafda,10,18.3.0,en,Detailed review export,423
GP-D-c7d87c6b-4e88-426b-83a2-5bf5d8d6cfa4,Google Play,App review,2026-05-27,5,,it's totally a life saver and I wanted to share an experience I had the exam early in the morning and i forgot to print the admit card and i remember it was around 11:30 pm and here blinkit saved my life . and they really don't have minimum value for that It was a wonderful experience using the app every time as compared to other apps It was easy nice and never had any issues .,https://play.google.com/store/apps/details?id=com.grofers.customerapp&reviewId=c7d87c6b-4e88-426b-83a2-5bf5d8d6cfa4,8,17.97.3,en,Detailed review export,380
GP-D-cf650cfd-528a-42e9-8b9c-027294449513,Google Play,App review,2026-06-16,5,,"Really good service. sometimes we all need to order something immediately due to some emergency. sometimes we need order at night and other times its just for choice. they deliver quick, and have no hassle... If I have to change something, I would ask them to increase product stock so they are not out of stock",https://play.google.com/store/apps/details?id=com.grofers.customerapp&reviewId=cf650cfd-528a-42e9-8b9c-027294449513,7,18.3.0,en,Detailed review export,311
GP-D-bf352e94-211a-4b90-a0a3-27ca884fd598,Google Play,App review,2026-05-17,1,,"This sports system application is very, very poor. It crashes every single time I try to open it or look at the game scores. The loading times are incredibly slow, and half the features don't even work. I missed the entire live stream because the app kept freezing. Do not waste your time downloading this garbage. and one more thing they theft items from ordered products",https://play.google.com/store/apps/details?id=com.grofers.customerapp&reviewId=bf352e94-211a-4b90-a0a3-27ca884fd598,11,17.95.4,en,Detailed review export,372
GP-D-26179669-38d7-4d24-8cca-8f0d5c191c5c,Google Play,App review,2026-05-19,3,,"It's nice, I was a office visit and had to give some gift, ordered instantly.... Update 19 May: Reducing 4 stars to 3, Failed payment, ordered again, got two orders, it's okay, but I don't get perfect bills for reimbursement..., means the real payment and the amount on the bills are different, instead I'll buy from mart...",https://play.google.com/store/apps/details?id=com.grofers.customerapp&reviewId=26179669-38d7-4d24-8cca-8f0d5c191c5c,15,17.95.4,en,Detailed review export,324
GP-D-9c29fa5a-0b78-4fc5-b614-b7c53a41c509,Google Play,App review,2026-05-18,1,,"Do Not Buy! Fraudulent App and Terrible Service This is the worst shopping app ever. I ordered an exhaust fan, and it arrived damaged and defective (running extremely slow). When I raised a return request, customer service flatly refused it. They falsely claimed that I ""used"" the product, when in reality, I only switched it on once to check if it was working. The physical damage was already there when it arrived. There is absolutely no return support for defective items. Save your money",https://play.google.com/store/apps/details?id=com.grofers.customerapp&reviewId=9c29fa5a-0b78-4fc5-b614-b7c53a41c509,11,17.95.4,en,Detailed review export,491
GP-D-28f7cc46-208e-4da9-a9b5-586d64d28bf6,Google Play,App review,2026-06-30,5,,"Hello Blinkit Team, I really enjoy shopping on Blinkit because the delivery is fast and the product quality is good. I have one suggestion. While quantity options are available, many popular rice brands are not. In local grocery stores, customers can choose from a much wider range of brands. It would be great if Blinkit could add more rice brands and give customers a larger variety to choose from. This would make grocery shopping even more convenient. Thank you for considering this suggestio",https://play.google.com/store/apps/details?id=com.grofers.customerapp&reviewId=28f7cc46-208e-4da9-a9b5-586d64d28bf6,7,18.7.0,en,Detailed review export,496
GP-D-37f9693d-d473-4cb5-baae-e5b5ad0ae8ca,Google Play,App review,2026-06-15,1,,"> I ordered a polyester luggage bag organiser from Blinkit, but they delivered the wrong product. I returned it multiple times (2–3 times), yet each replacement was incorrect. After repeated issues, the support team advised me to opt for a refund. However, despite following their instructions, I still have not received my refund. > > This has been a very frustrating experience. I expected a quick resolution, but neither the correct product nor the refund has been provided. I re",https://play.google.com/store/apps/details?id=com.grofers.customerapp&reviewId=37f9693d-d473-4cb5-baae-e5b5ad0ae8ca,11,17.99.1,en,Detailed review export,482
GP-D-5771ee34-62ef-40a7-ae73-4d06290aac97,Google Play,App review,2026-05-11,1,,"I've placed an order , and the quality of the product is not good at all.. so the product has an option of 7 day replacement period. so I tried to replace the product so that atleast I could get a better one. but it's been 4 days , I've been trying to replace the product, contacted through the app as well through the mail but the response is ZERO. worst customer service app ever. TOTALLY TRASH",https://play.google.com/store/apps/details?id=com.grofers.customerapp&reviewId=5771ee34-62ef-40a7-ae73-4d06290aac97,14,17.95.3,en,Detailed review export,396
GP-D-87615084-bdf5-4e72-8fe4-b78670207057,Google Play,App review,2026-06-02,1,,"Absolutely worstest experience for refund An order placed on the Blinkit app was cancelled on the 18th; however, I have not yet received a refund for the amount I paid. When I reached out to Blinkit Support, the automated response stated that I would receive the refund within 6 to 7 days; however, 14 days have now passed, and the amount has not yet been credited to my account.",https://play.google.com/store/apps/details?id=com.grofers.customerapp&reviewId=87615084-bdf5-4e72-8fe4-b78670207057,5,17.95.4,en,Detailed review export,379
GP-D-3cd7b32f-1409-455f-8eab-982843b839bb,Google Play,App review,2026-05-19,1,,"don't buy from blinkit. it was all good before, but nowadays they are scamming there customers. I had received twice or thrice the different item from which I had ordered and even after complaining, they send me again other item instead of the one I ordered. That was ok , coz atleast I got something from the money I used. But recently I had ordered few items from the blinkit , but one of the item was missing. even after complaining they dint resolve my issue. N took my money.worst app!!!",https://play.google.com/store/apps/details?id=com.grofers.customerapp&reviewId=3cd7b32f-1409-455f-8eab-982843b839bb,13,17.97.1,en,Detailed review export,492
GP-D-89a992de-de54-4c15-9f0e-7e59917714a2,Google Play,App review,2026-05-18,5,,"I’ve been using the Blinkit app for quite some time, and the experience has been amazing. The delivery is super fast, the app interface is easy to use, and the products are usually fresh and well-packed. I also like the wide variety of groceries, snacks, household items, and daily essentials available. The delivery partners are polite, and customer support is helpful whenever needed. Overall, Blinkit makes shopping very convenient and saves a lot of time. Highly recommended!",https://play.google.com/store/apps/details?id=com.grofers.customerapp&reviewId=89a992de-de54-4c15-9f0e-7e59917714a2,9,17.97.0,en,Detailed review export,479
GP-D-7d215b0c-8df5-4a42-9f25-50590b0beafa,Google Play,App review,2026-05-23,1,,"I had once rated this app with 5 stars in 2002, but today I am extremely disappointed with their service and customer care. I purchased a mixer box which was delivered without the juicer. Despite raising the issue and escalating, no solution was provided. This is a clear case of cheating, and I have lost my hard‐earned money on a product that was not delivered as promised. The customer support experience has been third‐class and unacceptable.",https://play.google.com/store/apps/details?id=com.grofers.customerapp&reviewId=7d215b0c-8df5-4a42-9f25-50590b0beafa,12,17.97.2,en,Detailed review export,446
GP-D-2c4c8f4e-824d-4aba-9ae9-0277dfd46f88,Google Play,App review,2026-07-18,1,,Totally disappointed. delivery boy not able to deliver at the address whereas previous 5 to 6 orders were delivered successfully at the same address. The order was cancelled from Blinkit side then also cancellation charge was deducted from the refunded amount. Would not recommend Blinkit. Never.,https://play.google.com/store/apps/details?id=com.grofers.customerapp&reviewId=2c4c8f4e-824d-4aba-9ae9-0277dfd46f88,1,18.9.3,en,Detailed review export,296
GP-D-d558e441-924b-41c7-87c3-516a741a9585,Google Play,App review,2026-05-15,1,,"Pathetic service from @letsblinkit! I’ve been a loyal user for a long time, but for the past 2 days, I can't place any orders due to a continuous ""payment method not available"" error. I even added money to my Blinkit wallet, but it's still blocked. Reinstalling the app didn't fix it. Worst part? The help centre is totally useless with only 5 pre-selected options and no real human support. My money is completely stuck now—can't order, can't withdraw. Fix this glitch ASAP!",https://play.google.com/store/apps/details?id=com.grofers.customerapp&reviewId=d558e441-924b-41c7-87c3-516a741a9585,12,17.95.4,en,Detailed review export,475
GP-D-fd9c4b42-729e-4818-adab-fc7ad6fe9651,Google Play,App review,2026-05-26,1,,"Very bad experience with Blinkit app. I have been trying to make payments using Google Pay, PhonePe, and Blinkit Money, but it always shows a technical error. This issue has been there for the last 10–12 days. There is also no option to contact customer support in the app. Feels like they only focus on selling and earning, but not on helping customers. Very disappointing.",https://play.google.com/store/apps/details?id=com.grofers.customerapp&reviewId=fd9c4b42-729e-4818-adab-fc7ad6fe9651,12,17.97.3,en,Detailed review export,374
GP-D-afe40ea1-8ec8-474c-8962-051b67a767ad,Google Play,App review,2026-06-23,1,,"I placed a prepaid order on Blinkit, but it was never delivered. The app incorrectly marked it as ""Delivered."" Customer support informed me that the order was returned to the store, yet I have not received any refund. Additionally, I am unable to raise a complaint through the app as it repeatedly shows, ""We have massive inquiries and are not able to respond. Please try after some time."" I recommend not to use this app..",https://play.google.com/store/apps/details?id=com.grofers.customerapp&reviewId=afe40ea1-8ec8-474c-8962-051b67a767ad,6,18.3.0,en,Detailed review export,423
GP-D-f858acde-f776-4529-9c3f-a701eb88ac36,Google Play,App review,2026-06-01,1,,"Very poor service. I received an expired product, and there was no refund provided. They also gave me a promo code, but there were no instructions on how to redeem it, and I couldn't find any option to use it. Overall, a very disappointing experience. Third-class service. The product delivered was expired, and no refund was provided. I was given a promo code, but there was no information on how to redeem.",https://play.google.com/store/apps/details?id=com.grofers.customerapp&reviewId=f858acde-f776-4529-9c3f-a701eb88ac36,12,17.99.0,en,Detailed review export,408
GP-D-5ac78790-11fb-4c41-be3c-9b4ce8616372,Google Play,App review,2026-06-18,1,,"If it was possible I would have given a 0 star rating but unfortunately this is the lowest I can give. I ordered a lighter from the app and they sent me a cheap quality one. when I contacted the delivery partner he said that he can't help me with it. I tried the customer support and it gave very mechanical and unhelpful answers. I pestered the delivery guy to let me talk to the manager of the store and he said that "" there is no one there. I am not going to go chasing after them",https://play.google.com/store/apps/details?id=com.grofers.customerapp&reviewId=5ac78790-11fb-4c41-be3c-9b4ce8616372,9,18.3.0,en,Detailed review export,483
GP-D-d6aeb4e3-ddd5-41f9-a651-da7b83a62d04,Google Play,App review,2026-06-11,1,,"I had initially ordered a wireless Bluetooth device and the payment was successfully deducted. After some time, I received a message that the order had been cancelled and the refund would be processed. Therefore, I placed the order again and received the second order successfully. However, about 10 minutes later, another delivery partner arrived with the first order. Since I had already received the second order, I did not accept the first one. The delivery partner informed me that he would",https://play.google.com/store/apps/details?id=com.grofers.customerapp&reviewId=d6aeb4e3-ddd5-41f9-a651-da7b83a62d04,6,17.97.2,en,Detailed review export,495
GP-D-4eb94c17-6dc2-4565-a373-a31c4d4adc4a,Google Play,App review,2026-06-16,1,,"A worst experience where I had ordered some products from this app and those were available on other platforms comparatively at lower price, hence i had cancelled my order and my money deducted were given me as coupon instead of refunding to original payment method and moreover I had received a text message stating that coupon will expire in a month if nothing ordered. If I would not order anything or forget to order them my money without a cause will be gone. so I am uninstalling this app now.",https://play.google.com/store/apps/details?id=com.grofers.customerapp&reviewId=4eb94c17-6dc2-4565-a373-a31c4d4adc4a,7,17.99.1,en,Detailed review export,499
GP-D-b4cd3b50-4dcf-4944-8b92-6c71f4425c74,Google Play,App review,2026-07-26,2,,"Try to deliver in more locations, i cant order anything in my own house as it says not deliverable always. Also kindly mention size of the veggies example, when i order onions, the size must be mediun but i get very small or very large onions mixed same goes with other veggies and fruits. Rest ok",https://play.google.com/store/apps/details?id=com.grofers.customerapp&reviewId=b4cd3b50-4dcf-4944-8b92-6c71f4425c74,0,18.13.0,en,Detailed review export,297
GP-D-64abaa40-9888-4267-b64e-f1df29daf675,Google Play,App review,2026-06-03,1,,"The customer care service is poor. I ordered an item and it was defective. I returned it, but the refund is not yet initiated. There's no customer care helpline number that you can access. I tried to get my issue solved by the AI window for customer service, but it's saying that the refund will be done by 2nd June. But it's not yet initiated.",https://play.google.com/store/apps/details?id=com.grofers.customerapp&reviewId=64abaa40-9888-4267-b64e-f1df29daf675,12,17.97.3,en,Detailed review export,344
GP-D-f5cb8f5f-c9a8-479e-87aa-f025af10ee49,Google Play,App review,2026-05-12,1,,"Please don't buy electronic products from here. They refuse to take accountability for the defective products and deflect the complaints to the respective brand service centers. You'll be much better off shopping from the local dealers, especially if you are buying gaming consoles / controllers.",https://play.google.com/store/apps/details?id=com.grofers.customerapp&reviewId=f5cb8f5f-c9a8-479e-87aa-f025af10ee49,16,17.95.3,en,Detailed review export,296
GP-D-0cab2114-b085-4d14-9b30-bc25bdbd371a,Google Play,App review,2026-06-10,1,,"I ordered 2 Paper Boat Aam Panna drinks, but there was a glitch in the app that caused issues with my order. Additionally, I have never installed the Blanket application, which makes the situation even more confusing. This was a frustrating experience, and I hope the issue is resolved quickly.",https://play.google.com/store/apps/details?id=com.grofers.customerapp&reviewId=0cab2114-b085-4d14-9b30-bc25bdbd371a,7,17.99.1,en,Detailed review export,294
GP-D-8ad99c65-0a82-4274-b6de-a63c23321af0,Google Play,App review,2026-06-17,1,,Non trust worthy app I ordered few groceries correctly but they delivered a wrong product so when I have connected to the mail address provided for delivery issue now they are saying that any returns or replacements once an order has been successfully delivered. mistake was done by user delivery guys end why I should face the consequences of not have the right product on time when needed and loss of my money as paid money 3 times of the the wrong product delivered.,https://play.google.com/store/apps/details?id=com.grofers.customerapp&reviewId=8ad99c65-0a82-4274-b6de-a63c23321af0,10,18.3.0,en,Detailed review export,469
GP-D-0b727e6f-5f9d-4d5b-8ae4-2b07b8b63998,Google Play,App review,2026-06-23,2,,Ordered a product of zebronics from blinkit the product didn't connected to my PC and was not working in brand new condition and this was cash on delivery. When I asked for refund they said they'll refund as a coupon in blinkit only not in my source account or the account details I'll provide for refund. That's totally wrong from customer's point of view. And now the same product is out of stock.,https://play.google.com/store/apps/details?id=com.grofers.customerapp&reviewId=0b727e6f-5f9d-4d5b-8ae4-2b07b8b63998,8,18.3.0,en,Detailed review export,399
GP-D-b05f2f27-e6af-402a-b99a-28e5fcbf0768,Google Play,App review,2026-06-01,1,,"The delivery agent did not deliver the order for over 30 mins and i finally had to cancel the order, there was no option of leaving a review as well. the customer service agent took the easy option of confirming that i wanted to cancel the order and offered no option to email me any confirmation of actions taken against the delivery executive",https://play.google.com/store/apps/details?id=com.grofers.customerapp&reviewId=b05f2f27-e6af-402a-b99a-28e5fcbf0768,10,17.99.0,en,Detailed review export,344
GP-D-4543e0e7-82ef-4866-8df5-e6c53af07561,Google Play,App review,2026-05-17,1,,"Sends opened packages for items (never sealed), which again are mostly smelly. Disappointing customer service. All items received are mostly dirty, including edibles. Don't know how and where they store it and in what condition. Get items opened and missing. Worst part, they never acknowledge their mistakes and say the Level 1 team can't take decisions. How clueless and ignorant are these guys? They don't even wanna rectify their issues.",https://play.google.com/store/apps/details?id=com.grofers.customerapp&reviewId=4543e0e7-82ef-4866-8df5-e6c53af07561,7,17.95.4,en,Detailed review export,441
GP-D-9360e6dd-94cc-46c0-b73b-c6e08b8fc9f1,Google Play,App review,2026-06-12,1,,"Very disappointed. Three of the products ordered were not delivered at all. I paid already. When I contacted the customer service number, I got a response stating that all products were delivered which is a lie. I want a refund. Please do the needful. Blinkit in Coimbatore location. I never expected this kind of breach of conduct. I have proof too.",https://play.google.com/store/apps/details?id=com.grofers.customerapp&reviewId=9360e6dd-94cc-46c0-b73b-c6e08b8fc9f1,8,17.99.1,en,Detailed review export,350
GP-D-26980111-1ea0-402b-9c50-1f5706244fa3,Google Play,App review,2026-06-25,5,,"It's a great app, I've been using it for long time and i haven't faced any problem, the delivery is incredibly fast, most orders arrive within 10 minutes, today i order something and get it in just 7 minutes. Also the customer care is very good , few days ago I got damaged product then i call them they respond very well and sends me a fresh new product in few minutes, my overall experience is so good",https://play.google.com/store/apps/details?id=com.grofers.customerapp&reviewId=26980111-1ea0-402b-9c50-1f5706244fa3,8,18.3.0,en,Detailed review export,403
GP-D-61525ccc-c09b-4ead-84c3-452747f8a087,Google Play,App review,2026-06-02,1,,"Very disappointing experience with Blinkit. I urgently needed a Type-C charger and relied on the app's search results, which showed a charger that turned out to be Type-B. While the correct description may have been listed, customers in urgent situations often rely on search results to find the right product quickly. After opening the package to verify the connector type, customer support refused a replacement. It's my hard-earned money, and I regret this purchase.",https://play.google.com/store/apps/details?id=com.grofers.customerapp&reviewId=61525ccc-c09b-4ead-84c3-452747f8a087,8,17.97.3,en,Detailed review export,469
GP-D-347ef94c-18cd-42b6-b244-28d0376c0a2c,Google Play,App review,2026-07-27,1,,"Blinkit's service is absolutely terrible. I have been a customer for two years and have purchased many items, but my recent experience was awful. On July 27, 2026, I ordered products worth ₹2,500, including a pair of Noise earbuds; the sound quality was poor, and the fit caused ear pain. I requested a return—even offering to exchange them for a more expensive model—but their service was so bad that they flatly refused the return. So, everyone should think twice before shopping with Blinkit.",https://play.google.com/store/apps/details?id=com.grofers.customerapp&reviewId=347ef94c-18cd-42b6-b244-28d0376c0a2c,0,18.9.3,en,Detailed review export,495
GP-D-04d382b4-5452-4abc-81d1-ffb8198bfb65,Google Play,App review,2026-05-21,1,,"worst delivery application there is no point of sending an email if you are going to say that ""we cannot help"" you took extra money as surcharge from me and then delivered the product 30 min late which was already schedule for 20 mins. if you are going to send a product in 50 mins then there is no point of showing the estimated time as 20 mins.",https://play.google.com/store/apps/details?id=com.grofers.customerapp&reviewId=04d382b4-5452-4abc-81d1-ffb8198bfb65,9,17.97.2,en,Detailed review export,346
GP-D-dcfb7048-e935-45a6-ba27-f3e42a8590f2,Google Play,App review,2026-05-31,5,,The app is perfect of last minute items and when uninvited guests arrive. the delivery is really fast like in a blink as its name. the items are a bit expensive but the faster delivery compensate it and also we don't have to leave our house. also there's a lot of variety of items available so it's overall best app.,https://play.google.com/store/apps/details?id=com.grofers.customerapp&reviewId=dcfb7048-e935-45a6-ba27-f3e42a8590f2,9,17.99.0,en,Detailed review export,316
GP-D-8f78e997-6501-4787-9c1a-02039008a3ab,Google Play,App review,2026-06-10,1,,One of my friends ordered articles on Blinkit... He cancelled the order over a call from Blinkit. But on the order page it's showing that the article has been delivered and there has been no refund yet. The worst part is that You can neither call the customer care nor there is an option to raise queries of your choice other than the listed queries with the chatbot. This has been the worst experience with a delivery partner till date,https://play.google.com/store/apps/details?id=com.grofers.customerapp&reviewId=8f78e997-6501-4787-9c1a-02039008a3ab,11,17.99.1,en,Detailed review export,436
GP-D-0136f0de-8716-4a1f-a8f3-190f342b7742,Google Play,App review,2026-06-18,1,,"Ordered a few gifts through Blinkit and it was a terrible experience. The items arrived in heavily damaged packaging, the gift wrap design delivered was completely different from what was shown in the app, and even the boxes were plain instead of the branded packaging advertised. Customer support was unhelpful, refused to acknowledge the issues, and ended the chat without resolving anything. If your order is meant for someone special, don't expect Blinkit to care about quality",https://play.google.com/store/apps/details?id=com.grofers.customerapp&reviewId=0136f0de-8716-4a1f-a8f3-190f342b7742,5,17.99.1,en,Detailed review export,481
GP-D-cb09c583-be9a-4493-be37-2e24560ae317,Google Play,App review,2026-06-18,2,,"I am writing to raise a complaint regarding the condition of my recent order delivery. Although my order was delivered on time, I noticed that the carry bag/packaging used by the delivery partner was torn when it reached me. This is not the first time this has happened. I have experienced the same issue on at least two to three previous orders as well. While the products inside were delivered, receiving orders in torn packaging is concerning and creates doubts about proper handling during transi",https://play.google.com/store/apps/details?id=com.grofers.customerapp&reviewId=cb09c583-be9a-4493-be37-2e24560ae317,10,17.97.3,en,Detailed review export,500
GP-D-0358ef03-8390-4c7b-b3c5-b38c372998fa,Google Play,App review,2026-06-10,1,,"I cancelled an order worth approximately ₹266, but the refund was not credited back to my original payment method. Instead, Blinkit issued the amount as a coupon without providing any option to choose between a refund to the source account and store credit. This approach is disappointing, as customers should have the right to decide how they receive their refund. Moreover, the coupon issued is not easy to utilize, making the situation even more inconvenient.",https://play.google.com/store/apps/details?id=com.grofers.customerapp&reviewId=0358ef03-8390-4c7b-b3c5-b38c372998fa,8,17.99.1,en,Detailed review export,462
GP-D-9e8df196-3946-4aac-83bc-171684b5699e,Google Play,App review,2026-06-06,1,,"customer service assistance is very very poor and irresponsible.When you actually need support and assistance about the product you already purchase but there is some issues related to product like wrong product delivered,actual product differ as shown in app they never assist you and you can write about your query as desired option is not listed.Any emergency support number is also not available. Do smart shopping always not ruined your time,energy and wise money on such apps who don't assist.",https://play.google.com/store/apps/details?id=com.grofers.customerapp&reviewId=9e8df196-3946-4aac-83bc-171684b5699e,5,17.97.3,en,Detailed review export,499
GP-D-4a61d018-376b-427e-b09c-fb740343f865,Google Play,App review,2026-06-25,1,,"I had ordered a raincoat set, but upon receiving the delivery, I found that only the rain pant was included in the package. The raincoat jacket, which is an essential part of the product, was completely missing from the order. This is extremely disappointing, as I paid for the complete product but received only a partial item.",https://play.google.com/store/apps/details?id=com.grofers.customerapp&reviewId=4a61d018-376b-427e-b09c-fb740343f865,5,18.3.0,en,Detailed review export,328
GP-D-ef37481a-7f1c-4239-a060-a16892f711f8,Google Play,App review,2026-06-07,5,,"⭐⭐⭐⭐⭐ Blinkit is an excellent app for quick grocery delivery. The app is easy to use, delivery is usually very fast, and the products arrive in good condition. I like the wide variety of items available and the convenient ordering process. It saves a lot of time and makes shopping hassle-free. Highly recommended!",https://play.google.com/store/apps/details?id=com.grofers.customerapp&reviewId=ef37481a-7f1c-4239-a060-a16892f711f8,5,17.99.1,en,Detailed review export,314
GP-D-2b72e756-78e7-43ba-9a36-e606191e27bb,Google Play,App review,2026-06-12,1,,"Canceled an item a month ago and still haven't received my refund! I have been following up constantly for over a month now, but there is zero proper guidance or accountability. Spoke to multiple customer service agents in between, but got nothing but generic, useless responses. Blinkit is quick to grab your money but completely ghosts you when they owe you a refund. Extremely pathetic post-purchase service and support. Refund my hard-earned money immediately! need my refund immediately!",https://play.google.com/store/apps/details?id=com.grofers.customerapp&reviewId=2b72e756-78e7-43ba-9a36-e606191e27bb,7,17.99.1,en,Detailed review export,492
GP-D-faa28a4b-7bce-40f3-bf58-b1495cc4d0a8,Google Play,App review,2026-05-14,1,,"Very poor unmeasured app, price more than market price, no coupons, discounts ,payment providers offer higher order price, if you guys continue like this the app will not workout long timebecause of no attraction on app just i checked and left out because of nothing special on this app. Just one side profit gaining business, recently one warehouse opened in Kurmannapalem, if the app is continued like this very hard to get rentals and salaries also, poor app marketing without customer attractions",https://play.google.com/store/apps/details?id=com.grofers.customerapp&reviewId=faa28a4b-7bce-40f3-bf58-b1495cc4d0a8,15,17.95.4,en,Detailed review export,500
GP-D-174dd682-10e1-4916-aba5-404e1a98912d,Google Play,App review,2026-06-29,5,,"Overall , my experience with BLINKIT is Excellent. Fast Delivery and Neat Packaging with proper ordered items without damage makes this app more perfect and super convinent when I need something urgently. Items are delivered within minutes and sometimes before the given delivery time. This facility makes the customer very happy. I'm using BLINKIT from such a long time but they never gave any cause for complaint. Thanku BLINKIT for such facilities. 😊",https://play.google.com/store/apps/details?id=com.grofers.customerapp&reviewId=174dd682-10e1-4916-aba5-404e1a98912d,5,18.3.0,en,Detailed review export,453
GP-D-46c50bf5-7180-40ad-bf48-320664396151,Google Play,App review,2026-06-09,1,,"i have ordered headphones and payment was already done but suddenly it was out of stock and still I didn't get my refund yet , and when I try to call costumer Care they are declining my call and when I try to chat through app I can't text them , they are giving an option to choose message ,we can't type our own issues ...waste...",https://play.google.com/store/apps/details?id=com.grofers.customerapp&reviewId=46c50bf5-7180-40ad-bf48-320664396151,6,17.97.3,en,Detailed review export,331
GP-D-aaee15b4-382d-43fd-beaa-68959a550532,Google Play,App review,2026-06-03,1,,"It is a terrible experience they always scam regarding the time and product and brag when they deliver on time. blinkit is better if you can wait but don't trust the product to be delivered on time and check the quality after delivery, I used to like it so much in beginning that I used it to even order what I can get easily whithin 5-10 minutes but now I'm just getting fed-up. thank you blinkit....",https://play.google.com/store/apps/details?id=com.grofers.customerapp&reviewId=aaee15b4-382d-43fd-beaa-68959a550532,8,17.97.3,en,Detailed review export,401
GP-D-48e6158a-d442-4981-80d9-8988c164fe98,Google Play,App review,2026-06-02,5,,I absolutely love this app it's so clean and intuitive and the service is probably one of the best I've had slight issues with my orders they were solved so quickly by the support staff they're exceptional but a slight issue I faced was when I was trying to tip my delivery partner after the delivery I tried multiple times and really wanted to tip that person because they were extremely sweet but I wasn't able to as it got stuck on loading screen,https://play.google.com/store/apps/details?id=com.grofers.customerapp&reviewId=48e6158a-d442-4981-80d9-8988c164fe98,10,17.97.3,en,Detailed review export,449
GP-D-bde2b63d-a5d3-4cbd-b94b-060422ccbd58,Google Play,App review,2026-05-13,2,,not good service. Sometimes they don't even send the items and when we check and we notice an item is missing and then you inform them. that's when they will tell you that the item is out of stock. You have to remind them. also known for sending old used items also. so keep checking what they deliver.,https://play.google.com/store/apps/details?id=com.grofers.customerapp&reviewId=bde2b63d-a5d3-4cbd-b94b-060422ccbd58,14,17.95.3,en,Detailed review export,302
GP-D-d1a8203f-69fc-4190-9308-6be62af57cf5,Google Play,App review,2026-06-09,5,,"Blinkit is one of the most convenient shopping apps I've used. The interface is simple and user-friendly, making it easy to find products and place orders. It offers a wide variety of groceries, household essentials, snacks, and more, all in one place. The quick delivery service is a huge advantage, especially when you need something urgently. Overall, Blinkit saves time and makes everyday shopping fast, easy, and hassle-free. Highly recommended!",https://play.google.com/store/apps/details?id=com.grofers.customerapp&reviewId=d1a8203f-69fc-4190-9308-6be62af57cf5,8,17.99.1,en,Detailed review export,450
GP-D-fdfcd21d-f637-4f07-baf7-a51efd8dcf99,Google Play,App review,2026-06-07,1,,"Blinkit's service is very poor. Today, I ordered a product after carefully reading its details, which clearly mentioned that it contained 3 blades. However, when I received the order, there was only 1 blade inside. I immediately raised a complaint, but in the end, I was told that neither Blinkit nor the shop was at fault. In my opinion, this is clearly Blinkit's mistake because the product information shown on the app was misleading. Therefore, I consider Blinkit to be a very disappointing app.",https://play.google.com/store/apps/details?id=com.grofers.customerapp&reviewId=fdfcd21d-f637-4f07-baf7-a51efd8dcf99,5,17.99.1,en,Detailed review export,499
GP-D-f305611a-1581-472c-bd63-412929614f66,Google Play,App review,2026-06-21,1,,"Received a damaged product not once, but twice. What is even more disappointing is that there is no proper option in the app to raise a complaint or get timely support. Customers are forced to send emails and then wait endlessly for a response, with no clear resolution process. This is by far one of the worst customer service experience.",https://play.google.com/store/apps/details?id=com.grofers.customerapp&reviewId=f305611a-1581-472c-bd63-412929614f66,7,18.3.0,en,Detailed review export,339
GP-D-dad69c04-46dd-48f6-bf16-681761573f99,Google Play,App review,2026-05-17,4,,They have a wide range of products that I like. Whenever I am trying to cook something new and don't have enough time to go out and fetch the ingredients I rely on Blinkit. They have alot of imported product and they make it easy by delivery at home. very reliable when cooking international cuisine.,https://play.google.com/store/apps/details?id=com.grofers.customerapp&reviewId=dad69c04-46dd-48f6-bf16-681761573f99,10,17.95.3,en,Detailed review export,300
GP-D-a5518145-f743-42fc-83c8-ef3792043a05,Google Play,App review,2026-05-22,3,,"Good app for daily needs like groceries, fruits, snacks, stationery, etc. Delivery is fast too. But the “free delivery” claim feels misleading because they almost always add a ₹30 surge fee at checkout. Extra charges should be shown clearly from the start.",https://play.google.com/store/apps/details?id=com.grofers.customerapp&reviewId=a5518145-f743-42fc-83c8-ef3792043a05,14,17.97.2,en,Detailed review export,256
GP-D-a0631650-ceb5-4365-89c5-c6e52b7549dc,Google Play,App review,2026-05-16,4,,"Blinkit is honestly a lifesaver when you need stuff fast. I’ve got milk, snacks, even ice cream delivered in like 8 minutes at midnight. The app is easy and reordering is quick too. But it’s not perfect. Delivery is free only above ₹200, so small orders cost extra. Stuff goes out of stock a lot on weekends, and veggies aren’t always fresh. Prices are a bit higher than our local shops. Still, for last-minute things, it’s super handy. Just don’t use it for monthly grocery.",https://play.google.com/store/apps/details?id=com.grofers.customerapp&reviewId=a0631650-ceb5-4365-89c5-c6e52b7549dc,7,17.95.4,en,Detailed review export,475
GP-D-238739dd-2b08-4241-8dad-fbadd5586bde,Google Play,App review,2026-06-19,5,,"Actually Extraordinary it's an app that when we are not able to buy things immediately this app works actually fantastic it's really good. Actually In today’s fast-paced world, convenience is no longer a luxury; it is an absolute necessity. Among the countless service apps cluttering our smartphones, Blinkit stands out as an absolute game-changer.it has to completely transformed the way I manage my household, handle emergencies, and satisfy late-night cravings. Calling it an e-grocery app feels.",https://play.google.com/store/apps/details?id=com.grofers.customerapp&reviewId=238739dd-2b08-4241-8dad-fbadd5586bde,4,17.97.3,en,Detailed review export,500
GP-D-e81c54dd-015f-4082-b685-ddaa1a187b04,Google Play,App review,2026-06-28,1,,"Blinkit delivered 200 gms rusk instead of 250. It was extremely difficult to raise concern (seems deliberate). After multiple image and video uploads, got replacement scheduled (spent hour) and again 200 gms was delivered which I didn't accept. Surprisingly return was marked as completed. This is cheating and unfair trade practice. It is supposed to be quick commerce and we have to wait hours for. Very limited option to chat",https://play.google.com/store/apps/details?id=com.grofers.customerapp&reviewId=e81c54dd-015f-4082-b685-ddaa1a187b04,9,18.7.0,en,Detailed review export,428
GP-D-1b845cb6-b30b-42ac-a13f-f258f8028e91,Google Play,App review,2026-05-19,1,,"""I ordered 2 items from this app and actually received 1 extra item. However, when the order was delivered at night and I opened it the next day, the free Surf Excel liquid detergent that was part of the offer was missing. Their customer service is absolutely terrible and extremely unhelpful. They just send automated, bot-generated",https://play.google.com/store/apps/details?id=com.grofers.customerapp&reviewId=1b845cb6-b30b-42ac-a13f-f258f8028e91,11,17.97.1,en,Detailed review export,333
GP-D-029b0d51-b7ab-43eb-8f53-c147ae9cf409,Google Play,App review,2026-06-19,4,,"the experience is mostly good but the slightly delays sometime makes me go wild!! I don't like this thing, like some things are very necessary and this app just delays things....u should put some more efforts although I would like to rate the app a solid 3.7 out of 5....!and really appreciate the hardwork of the delivery partners, but also sometimes the blinkit group gives me the dusty objects and dead flowers which obv makes me disappointed but although it's a good app and v recommendable....!",https://play.google.com/store/apps/details?id=com.grofers.customerapp&reviewId=029b0d51-b7ab-43eb-8f53-c147ae9cf409,6,17.97.3,en,Detailed review export,499
GP-D-fdb7bfff-9046-4382-9539-316ac5dae9ae,Google Play,App review,2026-07-01,5,,"It's a great app, I've been using it for first' time and i haven't faced any problem, the delivery is incredibly fast, most orders arrive within 10 minutes, today i order something and get it in just 7 minutes. Also the customer care is very good, few days ago I got damaged product then i call them they respond very well and sends me a fresh new product in few minutes, my overall experience is so good",https://play.google.com/store/apps/details?id=com.grofers.customerapp&reviewId=fdb7bfff-9046-4382-9539-316ac5dae9ae,4,18.7.0,en,Detailed review export,404
GP-D-393428d9-e22e-4249-a608-e9b2d62b0f30,Google Play,App review,2026-06-08,4,,"service is good, boys & girls are exceptional, app is good but still a lot of items out of stock, tracking not par with insta and can extend your delivery limits., every time I have travel 500mts to collect my orders (insta delivers at my door step) . But about rest above all Blinkit has more varieties and range of products to avail than Instamart.",https://play.google.com/store/apps/details?id=com.grofers.customerapp&reviewId=393428d9-e22e-4249-a608-e9b2d62b0f30,6,17.99.1,en,Detailed review export,350
GP-D-bdd12de5-9bd6-4ec2-8371-b377d700c10a,Google Play,App review,2026-07-16,1,,waste app Blinkit 🙄 😒 😑 😐 😕 🙄 it's taking too much time when we got a different item from the chosen item. It takes upto 3 to 4 days to get that item from us. It’s very waste app 😒 😑 🙄 😐 😕 I'm requesting everyone please don't try to install Blinkit app bloody idiot app 🙄 😑 😒 😉 😐 and waste then the remaining online ordering apps 🙄 😑 😀 😒 😉 😐,https://play.google.com/store/apps/details?id=com.grofers.customerapp&reviewId=bdd12de5-9bd6-4ec2-8371-b377d700c10a,1,18.9.3,en,Detailed review export,341
GP-D-59d8d216-ad04-4620-92ce-f491df8006cb,Google Play,App review,2026-07-15,1,,"scam alert! I received a coffee maker, but it was faulty. Water was not coming out of it. The machine kept on shaking but did not work. They refused to take it back the same day. The app showed a 7-day return on the product, but they refused to provide any service. Be aware of this scam! I sent video and photos for the proof, but they still refused.",https://play.google.com/store/apps/details?id=com.grofers.customerapp&reviewId=59d8d216-ad04-4620-92ce-f491df8006cb,0,18.9.3,en,Detailed review export,351
GP-D-6a132cb1-7c56-4401-a1c5-2b5d1d8b94eb,Google Play,App review,2026-07-01,1,,"BLINKIT IS PLAYING GAME WITH CUSTOMERS VERY CUNNINGLY. - Very difficult to find the order cancellation option. When I request a refund, it is converted into a promo code instead of being refunded to my original payment method. I was also told the promo code would appear within 1–2 hours, but it never showed up. On top of that, there is no proper way to contact customer support or explain my issue, as the chat only provides fixed options and doesn't allow me to describe my problem properly.",https://play.google.com/store/apps/details?id=com.grofers.customerapp&reviewId=6a132cb1-7c56-4401-a1c5-2b5d1d8b94eb,4,18.7.0,en,Detailed review export,494
GP-D-677059ef-9b63-4b6d-a89f-79f9da374a7d,Google Play,App review,2026-06-06,1,,"Awful experience while exchanging am item , the product size was not mentioned on the app and it said that 72hours replacement but when I tried to exchange the item the chatbot simply says ""sorry we can't"", even after that I emailed the issue to blinkit and they replied the same way,why put the 72hours replacement when you can't keep your promise, also there is no contact number so I am stuck with the chat assistant with same replies.",https://play.google.com/store/apps/details?id=com.grofers.customerapp&reviewId=677059ef-9b63-4b6d-a89f-79f9da374a7d,5,17.97.3,en,Detailed review export,438
GP-D-21ef678e-1c99-4da0-bfac-0e14b30f90a3,Google Play,App review,2026-05-29,1,,it's a useful app but not as much as amazon or instamart. It's good only for ordering daily need products like bread milk. don't order any electronic or beauty or any other appliances for here as if any product has a problem they are not going to return or replace the product and instead ask you to connect to the company of the product. The customer support is not good. Amazon is far better.,https://play.google.com/store/apps/details?id=com.grofers.customerapp&reviewId=21ef678e-1c99-4da0-bfac-0e14b30f90a3,7,17.97.3,en,Detailed review export,394
GP-D-3807a70a-f252-49fc-874d-fd1c95461c11,Google Play,App review,2026-06-19,1,,"Not a good experience. The milk products and curd I ordered were not of good quality, and this has happened repeatedly. It is better to buy these items from a nearby local shop. It seems the required storage temperature is not being maintained during handling or delivery, which is affecting the quality and freshness of the products.",https://play.google.com/store/apps/details?id=com.grofers.customerapp&reviewId=3807a70a-f252-49fc-874d-fd1c95461c11,7,18.3.0,en,Detailed review export,334
GP-D-61c9f203-fb9c-4462-889b-aec480dea6c3,Google Play,App review,2026-05-23,1,,"Worst app ever experienced. The product which was delivered was not up to the mark and when I raised the complaint to the customer support, they refused to replace it with another size and revised price. Please cross check the product carefully while shopping online, else goat scrapers are ready to tackle your questions and disappoint u with an unsatisfactory reply.",https://play.google.com/store/apps/details?id=com.grofers.customerapp&reviewId=61c9f203-fb9c-4462-889b-aec480dea6c3,9,17.95.4,en,Detailed review export,368
GP-D-7f7f6005-0ac6-4dcc-91c5-ee5b676632cf,Google Play,App review,2026-07-01,3,,"The delivery was good, but I ordered Drools cat food that included free creamy lickable cat treats. I only received the cat food, and the free treats were missing. When I tried to report the issue or request a return, there was no option available in the Blinkit app. This was a very disappointing experience. Please look into this issue and provide the missing free treats or an appropriate resolution.",https://play.google.com/store/apps/details?id=com.grofers.customerapp&reviewId=7f7f6005-0ac6-4dcc-91c5-ee5b676632cf,7,18.7.0,en,Detailed review export,403
GP-D-ed21f865-8459-47c7-999f-d5e2b96d7e6b,Google Play,App review,2026-06-25,5,,"very happy with blinkit service. I've been using it since many years. Recently I was on a trip to Jammu and needed something urgently. and sure blinkit was there. while I am fine with some extra fees sometimes, i understand most part of India may not. reduce the extra delivery charge, taxes, surcharge and small town people may be more willing to order.",https://play.google.com/store/apps/details?id=com.grofers.customerapp&reviewId=ed21f865-8459-47c7-999f-d5e2b96d7e6b,6,18.7.0,en,Detailed review export,354
GP-D-d0b4f7aa-9412-4314-9355-1c8fed85fd61,Google Play,App review,2026-07-17,1,,"Firstly product received without essential items. Refund was said to be issued to the original source. they refunded back as a promo code instead. never ordering again from blinkit. poor service, poor quality of products, poor customer service adding up to a pathetic experience overall",https://play.google.com/store/apps/details?id=com.grofers.customerapp&reviewId=d0b4f7aa-9412-4314-9355-1c8fed85fd61,1,18.9.3,en,Detailed review export,286
GP-D-b2438cc8-0605-4bcd-9e1d-cacd702ee9dd,Google Play,App review,2026-06-12,1,,"I placed an order on Blinkit and completed the payment based on the delivery time shown before checkout. However, immediately after payment, the estimated delivery time kept increasing. An order that was promised in 9 minutes was delivered after almost 30 minutes. This is misleading for customers. Please look into this issue and ensure accurate delivery timelines are displayed.""",https://play.google.com/store/apps/details?id=com.grofers.customerapp&reviewId=b2438cc8-0605-4bcd-9e1d-cacd702ee9dd,10,17.99.1,en,Detailed review export,381
GP-D-873a5ac2-e1b7-4cc5-8d03-4cb475262696,Google Play,App review,2026-05-31,2,,"I appreciate that Blinkit delivers items fast. I'm not happy with the customer service. Blinkit allows me to order through the web without the need for me to download the app, but doesn't give me the option to upload an image through the web, for which I have to download the app. Customer care staff can be replaced with chat bots as they are just repeating to download an app. I have suggested returning the item or sharing the image via email, but it was not accepted as an option.",https://play.google.com/store/apps/details?id=com.grofers.customerapp&reviewId=873a5ac2-e1b7-4cc5-8d03-4cb475262696,12,17.97.3,en,Detailed review export,484
GP-D-2352c69f-0450-463b-b7a3-8c1be8c2065a,Google Play,App review,2026-06-16,1,,"Extremely disappointed product and the overall experience. The product page is completely misleading and feels like false advertising. The listings are deceptive and gives customers the wrong impression of what they are actually purchasing. customer support was useless — no proper help or accountability, and not even an attempt to resolve the issue. This honestly feels fraudulent. Buyers should be careful before purchasing, because what you receive will be completely different from description.",https://play.google.com/store/apps/details?id=com.grofers.customerapp&reviewId=2352c69f-0450-463b-b7a3-8c1be8c2065a,9,17.95.3,en,Detailed review export,499
GP-D-d4f047a5-4ddf-4f23-85ad-3993a41f1f82,Google Play,App review,2026-06-23,1,,"Absolutely horrible experience. My delivery was 26 minutes late, and all my frozen items arrived completely melted. They didn’t even bother to include a spoon or a straw. When I tried to complain, the customer service was a nightmare. They demanded I make a video showing the brand and expiry date of every single product one by one. ​To make it worse, their app is completely buggy. Even on a perfectly good network, the video took 30-40 minutes just to upload. After wasting all that time",https://play.google.com/store/apps/details?id=com.grofers.customerapp&reviewId=d4f047a5-4ddf-4f23-85ad-3993a41f1f82,6,17.99.1,en,Detailed review export,490
GP-D-d93de0ae-5832-4083-91e6-dc6e65da8c88,Google Play,App review,2026-06-07,1,,The cash on delivery is pathetic . No one brings change. Delivery partner doesn't return the money and always refuses coins if you give them insisting on online payment. Even after several complains to the company the problem still remains. also they are purposely sending 1 orders via several delivery person and then they are charging you handling charges for each. I ordered a fevicol along with several other things however the fevicol was delivered separately n charged 12 rs for each order,https://play.google.com/store/apps/details?id=com.grofers.customerapp&reviewId=d93de0ae-5832-4083-91e6-dc6e65da8c88,7,17.99.1,en,Detailed review export,495
GP-D-225325bb-b23f-4448-97c9-67ed1027f7ae,Google Play,App review,2026-06-08,1,,"I am extremely disappointed with the blinkit customer service. My refund has been pending for almost one month now, despite multiple follow-ups with support. I made a return of a product because the way it came was very unhygienic. I raised an issue regarding the refund also but they would say to 'wait for 24-48 hrs', for straight 5 times, promising to make a refund which they did not. It is very frustrating and time-consuming customers should not wait this long for their money to be returned.",https://play.google.com/store/apps/details?id=com.grofers.customerapp&reviewId=225325bb-b23f-4448-97c9-67ed1027f7ae,2,17.97.3,en,Detailed review export,498
GP-D-0a690486-b749-4067-a97c-b3e6b2afa7df,Google Play,App review,2026-06-08,1,,"Very poor experience. I bought a charger that stopped working and does not charge properly. I raised a complaint, but the company completely ignored my issue. The product quality is disappointing, and customer support is unresponsive. I would not recommend buying from them unless they improve their after-sales service.",https://play.google.com/store/apps/details?id=com.grofers.customerapp&reviewId=0a690486-b749-4067-a97c-b3e6b2afa7df,6,17.99.1,en,Detailed review export,320
GP-D-0f2657ba-7e0e-4361-99bf-8a5efb5309f0,Google Play,App review,2026-06-28,5,,the quality of things are not so good if they are sealed with clear plastic then it's fine but if it's open like paperback books the sides of the books are too dirty and the covers are also very much damaged.I reqest BLINKIT to fix this problem. Thank you so much Blinkit for fixing this problem.,https://play.google.com/store/apps/details?id=com.grofers.customerapp&reviewId=0f2657ba-7e0e-4361-99bf-8a5efb5309f0,5,18.3.0,en,Detailed review export,296
GP-D-4f7d9f5b-366b-45d0-b189-601a03966599,Google Play,App review,2026-06-26,5,,"Best delivery app ever. Whenever I order something, it quickly assigns a delivery partner within 2 minutes and the delivery is also super fast. It's very recommended to use if you are in a hurry to go somewhere and you need something urgent. The prices are also reasonable and i LOVE the imported items that they have like Cheetos, Nerds, Korean Buldak noodles, Little cute cookies from Thailand, etc. I always recommend this app for faster delivery service. The products also come in good condition.",https://play.google.com/store/apps/details?id=com.grofers.customerapp&reviewId=4f7d9f5b-366b-45d0-b189-601a03966599,5,18.3.0,en,Detailed review export,500
GP-D-2ee256b2-1f20-4035-b04f-8fb323a051ee,Google Play,App review,2026-05-31,1,,"Once you tip the Service / Delivery Agent. It becomes default. The app doesn't have the option or link to modify the same in next order . Once you tip , that becomes the default in every next order . Even if the agent is rude or rough. Blinkit will take your tip in the Blink of the key 🔑 And your chat agent one of the worst no options to raise the concerns. In short a big scam 😒 Provide service and give options for the customer to raise their concern. DON'T STEAL PEOPLE'S MONEY",https://play.google.com/store/apps/details?id=com.grofers.customerapp&reviewId=2ee256b2-1f20-4035-b04f-8fb323a051ee,8,17.97.3,en,Detailed review export,482
GP-D-ff1a373a-2520-459a-bc14-3d962bcdaef9,Google Play,App review,2026-06-19,1,,The app is may be useful for everyone. I ordered a few things last week. But the order was cancelled. But I have not received the refund. A week passed the date they said First it was 14 then it was 17 and now it is 18. Today is the date 19/6/26.Still I didn't receive any refund.I made the payment on 9th June. it's very disappointing. 🥴,https://play.google.com/store/apps/details?id=com.grofers.customerapp&reviewId=ff1a373a-2520-459a-bc14-3d962bcdaef9,5,17.99.1,en,Detailed review export,338
GP-D-51c077cf-6d04-40f7-b6db-bc98d485724b,Google Play,App review,2026-07-02,5,,"Have used the app for quite a while now and from 3 different locations over the years. I have always been satisfied with the end result. Easy to use, wide range of products and good customer service. Blinkit delivers what is ordered with no hanky panky like i have experienced with other delivery apps. Thank u Blinkit for making my life so much easier!!",https://play.google.com/store/apps/details?id=com.grofers.customerapp&reviewId=51c077cf-6d04-40f7-b6db-bc98d485724b,2,18.7.0,en,Detailed review export,354
GP-D-1176970d-86ab-47ba-a56d-8bc610c45c6b,Google Play,App review,2026-06-26,1,,"Worst app and one of the worst customer support experiences I've ever had. I was sent the wrong product, even though the app clearly did not mention that I would receive a different item. I spent over two hours trying to reach customer support, only to get inconsistent responses. One representative even claimed they couldn't contact the store. Later, I received a call from Blinkit assuring me that I would get a refund. However, they didn't refund",https://play.google.com/store/apps/details?id=com.grofers.customerapp&reviewId=1176970d-86ab-47ba-a56d-8bc610c45c6b,3,18.3.0,en,Detailed review export,450
GP-D-1a9bdbc9-8f4f-4e61-a193-8bf5ee971f27,Google Play,App review,2026-06-08,5,,"Blinkit has made grocery shopping incredibly convenient. The app is easy to use, offers a wide range of products, and delivers orders very quickly. Most of my orders arrive within minutes, and the items are usually fresh and well-packed. The delivery partners are polite, and the real-time tracking feature is helpful. While some products can occasionally be out of stock, the overall experience is excellent. Highly recommended for anyone looking for fast and reliable grocery delivery",https://play.google.com/store/apps/details?id=com.grofers.customerapp&reviewId=1a9bdbc9-8f4f-4e61-a193-8bf5ee971f27,7,17.99.1,en,Detailed review export,486
GP-D-5c997b5f-c238-47c0-a3a9-bffe785db7e5,Google Play,App review,2026-06-23,1,,"Very disappointing experience with Blinkit. I received defective wireless earbuds with an extremely high volume issue, and even after reporting it, no proper support was provided. Instead of resolving the problem, I was simply asked to contact the brand myself. I purchased the product through Blinkit, so I expected customer support from their team. Poor after-sales service and no accountability for defective products. Definitely not the experience I expected. Would not recommend buying electron",https://play.google.com/store/apps/details?id=com.grofers.customerapp&reviewId=5c997b5f-c238-47c0-a3a9-bffe785db7e5,4,18.3.0,en,Detailed review export,499
GP-D-1769efda-6659-4b87-b8b2-7f659b50a40a,Google Play,App review,2026-05-27,1,,"Very disappointed with Blinkit. The store is only around 1 km away from my location, yet I was charged ₹30 delivery fees along with handling charges and small cart fees. These extra charges make the total much more expensive than expected.On top of that, Cash on Delivery is not available for orders below ₹50. Sometimes online payments do not work, and customers should still have the option to place small COD orders. Charging so many fees for nearby deliveries feels unfair and inconvenient.",https://play.google.com/store/apps/details?id=com.grofers.customerapp&reviewId=1769efda-6659-4b87-b8b2-7f659b50a40a,9,17.97.3,en,Detailed review export,494
GP-D-8483f69f-d26e-46c2-9ae1-65f43941b32d,Google Play,App review,2026-05-17,2,,Very very poor I wanted to order a horror book and a 2 bags of chips but there was no cash on delivery! Blinkit disappointed me many times as it only comes in payment on card etc 😶 also when I wanted to order a lip balm worth 133 they charged me 178 for it but I wanted to look for more things when I came to order back they increased the pricing to 206 I was like what ? I didn't add any items and they increased the payment blinkit it doing well but they need to do better,https://play.google.com/store/apps/details?id=com.grofers.customerapp&reviewId=8483f69f-d26e-46c2-9ae1-65f43941b32d,9,17.95.4,en,Detailed review export,474
GP-D-a43ab935-c249-4cf9-9ec2-29db5bcd94d1,Google Play,App review,2026-05-12,1,,"Blink it is losing its efficiency with product management. In 4 out of my last 10 orders, due to one or the other reason, i didnt get the product i ordered. Either it is damaged or out of stock. They simply asked to return the product and provided refund. Wasting the time in this process.",https://play.google.com/store/apps/details?id=com.grofers.customerapp&reviewId=a43ab935-c249-4cf9-9ec2-29db5bcd94d1,7,17.95.4,en,Detailed review export,289
GP-D-52bfd036-9fe2-43ef-a46a-68a88ed44b8c,Google Play,App review,2026-06-26,1,,"Blinkit's return and refund policy is pathetic. Most items are marked as non-refundable, and if you accidentally place the wrong order, there is little to no support or resolution from customer service. A better customer-centric approach, especially for genuine ordering mistakes, would greatly improve the overall experience.",https://play.google.com/store/apps/details?id=com.grofers.customerapp&reviewId=52bfd036-9fe2-43ef-a46a-68a88ed44b8c,5,18.7.0,en,Detailed review export,326
GP-D-3d87d70f-e428-4530-8732-8cac681b6add,Google Play,App review,2026-05-28,5,,"missing order cancel option, i forgot to change my location, and there's no option for cancellation, you must have to highlight that location bar 😕. i saved my other location just before, but because of default location, the order placed on my home location 😔. can you please do something that every person who order will ask for the multiple location they saved. so they'll not face kinda problem like me. im giving you five",https://play.google.com/store/apps/details?id=com.grofers.customerapp&reviewId=3d87d70f-e428-4530-8732-8cac681b6add,4,17.97.2,en,Detailed review export,425
GP-D-4ffb7140-11ae-4c74-b651-b776bdacf7bf,Google Play,App review,2026-05-23,1,,My experience is so worst because when I am trying to place one order then blinkit showing option for payment and I am see that's every payment option is not available but some options available like blinkit wallet and net banking these options also not working properly so that's why I am very frustrated. I am requesting to blinkit fixed that problem for better results.,https://play.google.com/store/apps/details?id=com.grofers.customerapp&reviewId=4ffb7140-11ae-4c74-b651-b776bdacf7bf,5,17.97.2,en,Detailed review export,372
GP-D-5fcb329e-a173-4474-8a5a-e186da43fba8,Google Play,App review,2026-05-27,1,,"Takes longer time than other apps, almost all the products quality is really bad, they even deliver expire items at times and just refund the money when we raise an complaint. The partner never arrives at the right location. discovered a new issue now, they don't refund the money and claim they have already initiated the refund while there is no money back into the account!!",https://play.google.com/store/apps/details?id=com.grofers.customerapp&reviewId=5fcb329e-a173-4474-8a5a-e186da43fba8,8,17.97.3,en,Detailed review export,377
GP-D-163cd615-801f-4011-a08e-863362cbb360,Google Play,App review,2026-05-12,5,,"Very nice app Food, electronics, and things come on the time as shown in the app. The employers are good and respectful. They work during the day as well as at night. They just complete our wishes to buy things from the blinkit app. Such a good app I have ever seen. I literally love this app. And I will be a regular customer of this app. Thanks blinkit app",https://play.google.com/store/apps/details?id=com.grofers.customerapp&reviewId=163cd615-801f-4011-a08e-863362cbb360,13,17.95.3,en,Detailed review export,358
GP-D-605180ac-d451-4ac0-abf3-2080650bde33,Google Play,App review,2026-06-06,5,,"⭐⭐⭐⭐⭐ Blinkit has completely changed the way I shop for daily essentials. The delivery is incredibly fast, often arriving within minutes, and the app is very easy to use. The product variety is excellent, with fresh groceries, household items, snacks, and much more available at competitive prices. The delivery partners are professional, and the order tracking feature is accurate and convenient. Whenever I've faced an issue, customer support has been responsive and helpful.",https://play.google.com/store/apps/details?id=com.grofers.customerapp&reviewId=605180ac-d451-4ac0-abf3-2080650bde33,8,17.99.1,en,Detailed review export,477
GP-D-9a32308c-d35e-45d4-abe0-38d4bb88cdf5,Google Play,App review,2026-05-28,1,,"The order delivery service is very poor. It always takes longer than the time shown. For example, if it shows 11 minutes, after some time it becomes 15 minutes, and even then the order does not arrive within 15 minutes. I would suggest improving your delivery service and giving customers the actual delivery time from the beginning.",https://play.google.com/store/apps/details?id=com.grofers.customerapp&reviewId=9a32308c-d35e-45d4-abe0-38d4bb88cdf5,6,17.97.3,en,Detailed review export,333
GP-D-f0981305-f0a8-40e1-9afd-eafa9754d507,Google Play,App review,2026-05-28,1,,"STRICTLY FOR GROCERIES ONLY! Do not be foolish enough to buy electronics or any high-value items from this app. If your order arrives damaged or defective, you are completely on your own. Their customer service is utterly clueless and incompetent when it comes to returns or replacements. Save yourself the nightmare and buy your tech elsewhere.",https://play.google.com/store/apps/details?id=com.grofers.customerapp&reviewId=f0981305-f0a8-40e1-9afd-eafa9754d507,7,17.97.3,en,Detailed review export,345
GP-D-f318deff-56c1-43a2-be6c-a87e32daeb07,Google Play,App review,2026-06-12,1,,"it's charging unnecessary amount of money, 5rs on handling fee then again 30rs of delivery charge if ordered products less than 150rs. first of all we are not supposed to order more than 150 rupees everytime. it's mostly kids who order snacks then why will we pay more than 100rs for things under 70 or less, this is simply ridiculous. And again there is some kind of surge charge, totally scaming. Blinkit needs to work on this otherwise it's very inconvenient for customers who buy frequently.",https://play.google.com/store/apps/details?id=com.grofers.customerapp&reviewId=f318deff-56c1-43a2-be6c-a87e32daeb07,9,17.99.1,en,Detailed review export,495
GP-D-07c8e5fc-e7ab-4481-bf14-ba498ab8e4c8,Google Play,App review,2026-06-19,1,,Only good for small groceries. I bought a power bank from blinkit in the app it said 7 days exchange for it. I received a torn apart package from blinkit and also the product was not up to mark. I tried to apply for replacement and they said we occasionally send torn apart packages while in transit and if you have any problem with the device then go talk to that company and get documented proof from them that the product is fake only then we will think about replacement otherwise use it as such.,https://play.google.com/store/apps/details?id=com.grofers.customerapp&reviewId=07c8e5fc-e7ab-4481-bf14-ba498ab8e4c8,7,18.3.0,en,Detailed review export,500
GP-D-de098861-9e64-48f0-80de-d8ac881e74ad,Google Play,App review,2026-06-22,1,,"The location pinning feature in this app is completely useless. When I try to pin my exact home address, it automatically pins to a completely different, wrong location. Because of this poor map accuracy, delivery partners are always confused, and deliveries are getting delayed. Your address location pinning system is a complete waste of time. Please fix this map issue immediately.",https://play.google.com/store/apps/details?id=com.grofers.customerapp&reviewId=de098861-9e64-48f0-80de-d8ac881e74ad,7,18.3.0,en,Detailed review export,384
GP-D-353eeb26-1486-4ac4-9067-a6fc2184a2ac,Google Play,App review,2026-06-16,2,,During day time why would you charge a high surcharge and do i really have to order above 499 to get rid of it. I'll better walk to the nearby stores. I had to cancel dozens of orders whenever I saw a surcharge for orders even above 200. Good business i guess but could be better!!!,https://play.google.com/store/apps/details?id=com.grofers.customerapp&reviewId=353eeb26-1486-4ac4-9067-a6fc2184a2ac,3,17.99.1,en,Detailed review export,282
GP-D-9ec4f3a5-5e92-41e6-a823-8e18c297fdb7,Google Play,App review,2026-05-26,1,,"“Orders are getting delivered very late, and this has happened many times. When I try to call the rider or customer support, they often do not answer properly or ignore the calls. Please improve your delivery timing and customer service.”",https://play.google.com/store/apps/details?id=com.grofers.customerapp&reviewId=9ec4f3a5-5e92-41e6-a823-8e18c297fdb7,6,17.97.3,en,Detailed review export,238
GP-D-1bd804e7-4481-48b1-a6a3-510f7f1e3307,Google Play,App review,2026-06-06,1,,Yesterday I ordered a Swim Full T-shirt of BoldFit of size L. There was no mention of Return Policy anywhere in the product details. The size didn't fit me and they are refusing to accept the return of the product claiming this product is non-returnable. Why should I suffer the loss if your app doesn't show me a non-returnable policy for this product in the product details. I am never buying anything from Blinkit again.,https://play.google.com/store/apps/details?id=com.grofers.customerapp&reviewId=1bd804e7-4481-48b1-a6a3-510f7f1e3307,4,17.97.3,en,Detailed review export,423
GP-D-a95785b0-2e6b-4c5e-ba26-a803cddc86eb,Google Play,App review,2026-06-29,5,,"Blinkit has been amazing for me since 2022. I always tip the delivery partners and sometimes some of them say they don't get the tip if added within the app but when I ask them to open their earnings history, it shows up there. Can you guys please add a notification or a highlight next to each order saying this order has a tip amount? Or atleast a notification for the delivery guys where they get immediately notified once they complete an order which had tips added? This would be really helpful",https://play.google.com/store/apps/details?id=com.grofers.customerapp&reviewId=a95785b0-2e6b-4c5e-ba26-a803cddc86eb,8,18.7.0,en,Detailed review export,499
GP-D-e7c38809-a767-4870-9125-7811e6398ff4,Google Play,App review,2026-06-20,5,,"⭐⭐⭐⭐⭐ Fast, reliable, and a brand that does right by its riders Blinkit has become my go-to for quick grocery runs — the app is smooth, deliveries are fast, and the product range keeps growing. What I appreciate most: the delivery agents always show up properly geared (helmets, reflective jackets at night) and never seem to be riding recklessly or rushing dangerously to beat the clock.",https://play.google.com/store/apps/details?id=com.grofers.customerapp&reviewId=e7c38809-a767-4870-9125-7811e6398ff4,6,18.3.0,en,Detailed review export,388
GP-D-e24ea9c2-3adc-4477-b1a8-f0a26a5024b7,Google Play,App review,2026-05-18,1,,"The Blinkit app has been facing a very frustrating payment issue recently. Almost every payment method keeps showing “This payment method is not available at the moment,” including Blinkit Money itself. What’s the point of having wallet balance if even Blinkit Money cannot be used continuously? The issue keeps repeating and makes checkout impossible. The app experience overall is good when it works, but payment failures at the final step completely ruin the convenience of quick commerce.",https://play.google.com/store/apps/details?id=com.grofers.customerapp&reviewId=e24ea9c2-3adc-4477-b1a8-f0a26a5024b7,5,17.97.1,en,Detailed review export,492
GP-D-d0288665-c086-4f35-a456-2070437022d8,Google Play,App review,2026-05-28,1,,"I don't like this app because it charges too many handling charges , store charges, delivery charges are never lesser until your cart amount goes very high. I ordered an earphone and found my phone doesn't support them, I called for support then they executive Sakshi behaved very unprofessional. Reaching their customer support is so difficult. whenever I use this app, end up wasting my money.",https://play.google.com/store/apps/details?id=com.grofers.customerapp&reviewId=d0288665-c086-4f35-a456-2070437022d8,4,17.95.4,en,Detailed review export,395
GP-D-605bc77e-3b2d-4d72-a790-7dfed85c613d,Google Play,App review,2026-06-06,1,,"My order arrived with missing items, and the customer support chat was not helpful at all. They neither arranged delivery of the missing items nor provided a refund. I have done online payment for the whole order .This was a very frustrating experience. I expected much better service and support from Blinkit.",https://play.google.com/store/apps/details?id=com.grofers.customerapp&reviewId=605bc77e-3b2d-4d72-a790-7dfed85c613d,4,17.99.1,en,Detailed review export,310
GP-D-f2a727ed-0907-4f1d-a826-61f93255035e,Google Play,App review,2026-06-27,1,,"For the past month or two, OTPs are not being received. I try to login and I don't get that message. Yes, I already checked that the number that sends the OTPs isn't blocked. I have to login through Zomato and that's really off putting. I have even started to not use Zomato out of annoyance. Please fix this bug already.",https://play.google.com/store/apps/details?id=com.grofers.customerapp&reviewId=f2a727ed-0907-4f1d-a826-61f93255035e,4,18.3.0,en,Detailed review export,321
GP-D-20ede6c8-07aa-41a5-ae03-9a088fd39127,Google Play,App review,2026-05-21,1,,"There was a time this application was running good. And the service was absolutely fantastic, but now, as I am saying it's through my own from 2 months or 3 months, maybe more, the service is not that much good as it was previous, they are removing the people and giving multiple orders for the one person delivery and there is no perfect timing for the delivery.",https://play.google.com/store/apps/details?id=com.grofers.customerapp&reviewId=20ede6c8-07aa-41a5-ae03-9a088fd39127,9,17.97.2,en,Detailed review export,363
GP-D-22e1d457-47e4-4cd0-85fc-a9b41fa9bc5b,Google Play,App review,2026-06-21,1,,"No one should order icecreams from blinkit, especially the ones that are not in tubs or family packs. Not once, but this has happened multiple times that our icecreams have arrived absolutely melted and broken. We dont know for what the app applies 'handling charges' when they don't provide the goods in a fine condition. Also, we recently ordered 5 packets of milk, which all were expired.",https://play.google.com/store/apps/details?id=com.grofers.customerapp&reviewId=22e1d457-47e4-4cd0-85fc-a9b41fa9bc5b,6,18.3.0,en,Detailed review export,391
GP-D-eb24e73b-3260-410b-8e63-d48f679d4484,Google Play,App review,2026-06-24,2,,The product was good but delivery service was too bad instead it's my first order my first experience is worst from your side . I have placed correct location only but he said wrong location and take extra amount without informing me . He said I not have balance then I pay remaining amount through GPay then he pay 10 rs low i ask he not properly answered then go this kind of problem need to reduce so add select on map like red taxi car having options.,https://play.google.com/store/apps/details?id=com.grofers.customerapp&reviewId=eb24e73b-3260-410b-8e63-d48f679d4484,6,18.3.0,en,Detailed review export,455
GP-D-8c375762-003d-4426-b6c9-1b8763ab1f5b,Google Play,App review,2026-06-02,1,,"I am very disappointed with Blinkit's return and replacement policy for clothing items. I ordered a raincoat worth ₹700 in size L, but it turned out to be slightly smaller than expected. When I contacted support, I was informed that there is no replacement or exchange option available. For clothing products, size issues are common, and customers should have the option to exchange for a different size. Now I am stuck with a ₹700 raincoat that doesn't fit properly and cannot be used comfortably.",https://play.google.com/store/apps/details?id=com.grofers.customerapp&reviewId=8c375762-003d-4426-b6c9-1b8763ab1f5b,4,17.97.3,en,Detailed review export,498
GP-D-62831cda-3174-43ae-9229-9707049aa360,Google Play,App review,2026-05-14,3,,everything about this app is good and ofcourse it makes a very difference between our grocery shopping and makes it way more easy to shop and two things which we didn't liked and thought of reviewing it were many things go out of stock which in shop are easily available and they take a lot of service charges and handling charges...,https://play.google.com/store/apps/details?id=com.grofers.customerapp&reviewId=62831cda-3174-43ae-9229-9707049aa360,8,17.95.4,en,Detailed review export,333
GP-D-fa2bac58-5a32-4947-91d1-2595b5e575a3,Google Play,App review,2026-06-30,1,,"I'm very disappointed with my experience using Blinkit. I accidentally forgot to apply a coupon and immediately requested that my order be cancelled. I paid ₹279, but I received only ₹259 as a refund without any proper explanation. This kind of unfair deduction is unacceptable and shows poor customer service. The refund policy should be fair and transparent, especially when a cancellation is requested immediately after placing an order. Based on my personal experience, I would not recommend it.",https://play.google.com/store/apps/details?id=com.grofers.customerapp&reviewId=fa2bac58-5a32-4947-91d1-2595b5e575a3,5,18.7.0,en,Detailed review export,499
GP-D-2b02fbb3-d573-42c7-8c34-753e68f77bb6,Google Play,App review,2026-06-16,3,,"I am rerating again, I had rated it 1 star earlier but now I am seeing some changes, still some things are bad.And the solution is a refund, which is fine. But if I order emergency cooking supplies and they turn out to be defective, what good is a refund? Cooking problems are inevitable. And to the point where I've had to cancel a recipe more than halfway through cooking and cook something else.",https://play.google.com/store/apps/details?id=com.grofers.customerapp&reviewId=2b02fbb3-d573-42c7-8c34-753e68f77bb6,5,17.99.1,en,Detailed review export,398
GP-D-32a7beb6-69e4-4e1e-912a-971a34b3512d,Google Play,App review,2026-06-02,1,,"I ordered 3 Green Lettuce items, but none were delivered. After contacting customer support, I was informed that 2 units would be redelivered and 1 unit would be refunded. I accepted this resolution based on the assurance provided by your team.However, the redelivery was later cancelled from your end,and I never received the replacement items. When I followed up regarding the refund, I was told there was no pending refund because the issue had been marked as a redelivery order. very disappointed",https://play.google.com/store/apps/details?id=com.grofers.customerapp&reviewId=32a7beb6-69e4-4e1e-912a-971a34b3512d,6,17.97.3,en,Detailed review export,500
GP-D-dabb413a-1311-4af3-96d3-9fa910a1f8dd,Google Play,App review,2026-06-11,1,,Very Poor quality app. don't buy anything from blinkit I ordered power bank it's not working properly I tried for replacement at that time it's asking for some photo or video of product when I tried to take that getting black screen not able to return that product also there no any customer support like flipkart amazon.,https://play.google.com/store/apps/details?id=com.grofers.customerapp&reviewId=dabb413a-1311-4af3-96d3-9fa910a1f8dd,9,17.99.1,en,Detailed review export,321
GP-D-2b984ac4-e1ed-4177-98a9-6047c60873a1,Google Play,App review,2026-06-25,1,,"⭐ 1 Star Whenever I order groceries from this app, I end up facing the same issue. Either I receive a damaged product or my ordered item is replaced with something I never asked for. The biggest problem is that there is no proper option to return the unwanted replacement or get a fair resolution. Customer support keeps offering promo codes instead of solving the actual problem or providing a proper refund. This has happened multiple times, not just once. As a customer, I expect to receive the",https://play.google.com/store/apps/details?id=com.grofers.customerapp&reviewId=2b984ac4-e1ed-4177-98a9-6047c60873a1,5,18.3.0,en,Detailed review export,497
GP-D-c9fbe176-e566-4d68-a7bf-62e704124b8a,Google Play,App review,2026-05-30,1,,"they sell near expiry spoilt items, when I called cs they asked me to contact the next day stating that the store was closed. and on the next day they said partner is not available, this went on for a couple of days untill the return window clos d now they are saying they are not able to do anything. Blinkit is the worst quickcommerce platform. now iam at a loss.",https://play.google.com/store/apps/details?id=com.grofers.customerapp&reviewId=c9fbe176-e566-4d68-a7bf-62e704124b8a,3,17.97.3,en,Detailed review export,365
GP-D-8217e7be-932e-4ca5-8553-c44e78f40ac6,Google Play,App review,2026-06-05,1,,I ordered Imported Lays Stax Sour cream and Onion chips because in the image the ingredients included sunflower oil and other good ingredients but I got the chips with palmolein. False information on images and ingredients are different too. Very poor experience and very disappointing. This was not expected to get the same product with different ingredients.,https://play.google.com/store/apps/details?id=com.grofers.customerapp&reviewId=8217e7be-932e-4ca5-8553-c44e78f40ac6,4,17.97.3,en,Detailed review export,360
GP-D-09f6fd90-91e1-40d7-982c-5f9784c74128,Google Play,App review,2026-06-07,5,,"""Great service! My order was delivered very quickly, and all the items were fresh and well-packed. The app is easy to use, and the delivery partners are polite and professional. Very convenient for last-minute grocery needs. Highly recommended!""",https://play.google.com/store/apps/details?id=com.grofers.customerapp&reviewId=09f6fd90-91e1-40d7-982c-5f9784c74128,6,17.99.1,en,Detailed review export,245
GP-D-bc4c125d-854a-4370-8898-4208355e65c8,Google Play,App review,2026-06-07,1,,"payment issue, shows payment transaction fail, when doing repayment, they again booked previous order for delivery, when canceling my order they deduct ₹20/- and issue a coupon for my balance amount,.. This is a very wrong treatment... due to blinkit payment failed, why all the charges have to bear by the customer.",https://play.google.com/store/apps/details?id=com.grofers.customerapp&reviewId=bc4c125d-854a-4370-8898-4208355e65c8,6,17.99.1,en,Detailed review export,316
GP-D-beb251ae-882e-490d-abcf-725bc10a6907,Google Play,App review,2026-06-13,1,,Products sent are costly and often found defective. i would not recommend this app if u can buy products on nearby stores. Perishable goods like fruits and vegetables are not upto mark and are defective. blinkit stores should check the quality of goods they supply. I am very much disappointed and will not buy such goods again on such apps.,https://play.google.com/store/apps/details?id=com.grofers.customerapp&reviewId=beb251ae-882e-490d-abcf-725bc10a6907,6,17.99.1,en,Detailed review export,341
GP-D-be17bd8f-d71c-453c-81a0-a17b5e37869f,Google Play,App review,2026-05-17,1,,"Very Bad experience on 1st order While placing the order, I had already paid the full amount through PhonePe. However, your delivery boy, Sahil Bodade, took the payment again while delivering the order — ₹340 through Google Pay. Payment for the same order has been taken twice. Please look into this matter and refund my money. We have screenshots as proof of the payment made to Sahil Bodade.",https://play.google.com/store/apps/details?id=com.grofers.customerapp&reviewId=be17bd8f-d71c-453c-81a0-a17b5e37869f,4,17.95.4,en,Detailed review export,393
GP-D-265c9187-f5c7-4259-b1ed-f2cbe209c447,Google Play,App review,2026-06-07,2,,"I recently started using Blinkit and find it convenient for small orders. However, larger orders often face packing issues. Items sometimes arrive in torn bags, groceries are poorly segregated, vegetables are mixed with dairy, and cold items packed with dry goods, affecting quality. Fragile items like bread and eggs are also at risk. Better packing—separating items properly, using stronger bags, and handling fragile products carefully—would greatly improve the experience.",https://play.google.com/store/apps/details?id=com.grofers.customerapp&reviewId=265c9187-f5c7-4259-b1ed-f2cbe209c447,5,17.99.1,en,Detailed review export,476
GP-D-780addbb-75d1-485c-b0cd-eaecd9896554,Google Play,App review,2026-05-26,1,,"bab experience from blinkit .After placing the order and making the payment, your app/website showed that the payment had failed and informed me that the refund would be processed within 3–4 days. Because of this, I made the payment again and placed the order once more.",https://play.google.com/store/apps/details?id=com.grofers.customerapp&reviewId=780addbb-75d1-485c-b0cd-eaecd9896554,5,17.97.2,en,Detailed review export,270
GP-D-de4b1368-4931-473e-850d-b062897f2631,Google Play,App review,2026-06-20,1,,"Third class app whenever the order fails their refund process takes a hell lot of time I have also used Instamart and over there if there is a failed order within minutes we get our money back .. All apps of zomato are like this they just don't want to refund the money, you need to raise multiple complaints , raise multiple chats and then only if you are lucky so you will get your money back after a week maybe. Use zepto Instamart or any other app but not this who thinks ours money is there.",https://play.google.com/store/apps/details?id=com.grofers.customerapp&reviewId=de4b1368-4931-473e-850d-b062897f2631,4,18.3.0,en,Detailed review export,496
GP-D-8af859ba-055b-45eb-ab28-3ec050cfc8dc,Google Play,App review,2026-06-16,1,,worst experience... i used the blinkit for the first time a day before yesterday and I was so happy and wanted to suggest it to everyone but today I'm trying to order thing from evening and it's showing that they can not accept my order due to high demand... seriously... it's been more than 6 hours.. now I feel I should never rely on blinkit... very disappointed... don't download it guys just shop thing from nearby grocery stores when you paas by.. at least you'll don't have to wait for hours...,https://play.google.com/store/apps/details?id=com.grofers.customerapp&reviewId=8af859ba-055b-45eb-ab28-3ec050cfc8dc,3,17.99.1,en,Detailed review export,500
GP-D-90494ff6-2871-4984-884b-5f4af145da14,Google Play,App review,2026-05-29,5,,Blinkit is a nice delivery app. And their service is super and I get my item under 10 minutes as well . Well done. But you guys need to reduce price a bit but it's acceptable. overall it's good and thanks a lot for this service in this summer and thanks all the riders from blinkit. Specially I use this app for emergency whenever I need something quick👍👍♥️♥️,https://play.google.com/store/apps/details?id=com.grofers.customerapp&reviewId=90494ff6-2871-4984-884b-5f4af145da14,7,17.95.4,en,Detailed review export,359
GP-D-fa435f5d-7064-4e6e-90db-3ffda4859cff,Google Play,App review,2026-06-05,2,,"There are problems with quality and quality check before delivering it to customers. I frequently noticed that the weight of vegetables and fruits are not correct, they are almost missed by 30~40 percent of weight, and many times the quality is also not good. There is no point in delivering if quality and quantity is not reviewed before dispatching it to the customer when handling charges are charged separately.",https://play.google.com/store/apps/details?id=com.grofers.customerapp&reviewId=fa435f5d-7064-4e6e-90db-3ffda4859cff,7,17.97.3,en,Detailed review export,415
GP-D-9d0dab39-7a76-41f6-a6ad-04a21cc746f0,Google Play,App review,2026-05-15,1,,before order it shows Rs.100/- voucher automatically receive after completing the delivery in this order and in addition you will get one surprise offer by playing some worse game like hitting 3 balls in juggling method. but after completing the delivery there's no Rs.100/- voucher and given one worst offer that no one can use it in life time with that worst deal. worst type of marketing to develop your app.,https://play.google.com/store/apps/details?id=com.grofers.customerapp&reviewId=9d0dab39-7a76-41f6-a6ad-04a21cc746f0,5,17.95.4,en,Detailed review export,411
GP-D-c7aac51b-2bae-4791-9978-9fbf1e97d5cc,Google Play,App review,2026-06-11,1,,"I've ordered the cam Pure original car refresher. I want the exact same thinh that's shown in the app. they sent something else and when I raised a request, the chat says it's the same and closed the issue. absolutely ridiculous. I cant even talk to customer executive. If you cant give us the exact order why provide the service.",https://play.google.com/store/apps/details?id=com.grofers.customerapp&reviewId=c7aac51b-2bae-4791-9978-9fbf1e97d5cc,6,17.99.1,en,Detailed review export,330
GP-D-c75d3781-75f4-4868-9c9f-ca509d34031c,Google Play,App review,2026-05-08,4,,"I am writing to express dissatisfaction with my recent order. I ordered food for breakfast, and the app stated it would be delivered within 22 minutes. However, after waiting for an hour, the delivery did not arrive. Ultimately, the service was declared unavailable, and a refund was initiated. The refund was supposed to be completed by May 3rd, but I have not received it. The money is now gone, and I did not receive the ordered food😠.",https://play.google.com/store/apps/details?id=com.grofers.customerapp&reviewId=c75d3781-75f4-4868-9c9f-ca509d34031c,7,17.95.3,en,Detailed review export,438
GP-D-b0a03538-196a-4ad4-8248-348a3e792b39,Google Play,App review,2026-05-14,1,,"I have ordered kurta pajama twice and was told your order is arriving in 2 minutes. its now 30 minutes of waiting and the order can no longer be tracked, it has disappeared. very terrible for a tourist staying at a hotel. I ordered another one 3 hours ago and it has been saying 22 minutes for the last 3 hours, can no longer be tracked and I have re order. horrible service",https://play.google.com/store/apps/details?id=com.grofers.customerapp&reviewId=b0a03538-196a-4ad4-8248-348a3e792b39,8,17.95.4,en,Detailed review export,374
GP-D-0d96ecef-a2a3-4164-8206-86789798fe6f,Google Play,App review,2026-05-06,5,,"Very user friendly app. Also services of customer support are very prompt and efficient. In one of my orders, there was some short supply issue in the delivery packet. when I raised this issue, they refunded the difference amount to me very promptly.",https://play.google.com/store/apps/details?id=com.grofers.customerapp&reviewId=0d96ecef-a2a3-4164-8206-86789798fe6f,17,17.95.3,en,Detailed review export,250
GP-D-9cdaea37-90e3-44f0-9bbb-9be2411e725b,Google Play,App review,2026-05-10,5,,"Blinkit has completely changed my shopping experience! Super fast delivery, fresh products, great discounts, and excellent packaging every time. The app is smooth and easy to use. Customer service is also quick and helpful. Truly one of the most reliable and convenient delivery apps ever!",https://play.google.com/store/apps/details?id=com.grofers.customerapp&reviewId=9cdaea37-90e3-44f0-9bbb-9be2411e725b,14,17.95.3,en,Detailed review export,289
GP-D-9050811f-986c-4c3e-b5de-f4995e917650,Google Play,App review,2026-06-09,2,,"first of all. ordr delivered in 29 mins, not 10 mins. second - if an item in the order is not available, customer needs to be informed before pmt. so that we can atleast order a substitute. even the delivery person did not inform. realised only after opening the packet. kindly keep updating/ stock availability on your app. the missing item was a very commonly used food item, required for immdt use. disappointing to see this messed up.",https://play.google.com/store/apps/details?id=com.grofers.customerapp&reviewId=9050811f-986c-4c3e-b5de-f4995e917650,6,17.99.1,en,Detailed review export,438
GP-D-90a48d34-fe79-419c-bb8f-1aa37fa36d8e,Google Play,App review,2026-05-19,1,,The biggest fraud app I have ever faced. Sometimes they intentionally deliver the wrong product and sometimes they send delivered massages without sending any single product. For support functions they have only AI and most Interesting things that they refund the amount as coupon so that you will have to re-order from their so-called fake app.,https://play.google.com/store/apps/details?id=com.grofers.customerapp&reviewId=90a48d34-fe79-419c-bb8f-1aa37fa36d8e,7,17.97.1,en,Detailed review export,345
GP-D-c9f4cd35-a6c1-4d1c-966e-c17e0354e42d,Google Play,App review,2026-05-26,2,,"My ice cream had already melted because the delivery was extremely late. The most disappointing part is that the delivery boy marked the order as “arrived” 17 minutes earlier, but actually delivered it after 26 minutes. This is not a good habit or service at all. This has happened to me twice now. Last time, it got delayed by 40 minutes and the order was eventually cancelled. Really disappointed with this experience.",https://play.google.com/store/apps/details?id=com.grofers.customerapp&reviewId=c9f4cd35-a6c1-4d1c-966e-c17e0354e42d,4,17.97.3,en,Detailed review export,420
GP-D-fba54c55-fb63-48a2-9339-c86e3c75bb5a,Google Play,App review,2026-05-23,5,,"Just a friendly suggestion: sometimes we add items to the cart but don’t order them immediately. When we finally want to place the order, the items we need are often out of stock and take a long time to come back. As a result, customers have to switch to other options or let go of the item they wanted. Please try to restock items as early as possible",https://play.google.com/store/apps/details?id=com.grofers.customerapp&reviewId=fba54c55-fb63-48a2-9339-c86e3c75bb5a,4,17.97.2,en,Detailed review export,352
GP-D-ccab77e3-3b51-437b-b3fb-bafbef3e15ca,Google Play,App review,2026-06-17,3,,"My recent order arrived with the product seal broken and part of the item missing. Your app offers no option to upload photos, start a return, or reach an agent. This issue has happened multiple times. If this is not resolved immediately with a refund or replacement, I will stop using your app",https://play.google.com/store/apps/details?id=com.grofers.customerapp&reviewId=ccab77e3-3b51-437b-b3fb-bafbef3e15ca,7,17.99.1,en,Detailed review export,294
GP-D-2778e58e-fffa-4963-b266-d25595806a2a,Google Play,App review,2026-06-04,1,,"Extremely disappointed with Blinkit. I ordered the Unigen Google Pixel Type-C Fast Charging Adapter (30W), but the product doesn't perform anywhere close to its claimed specifications. Calling it a 30W fast charger is misleading — it charges so slowly that it feels like a basic 5W charger. What's more frustrating is that Blinkit is listing such poor-quality products on its platform without proper quality checks. Customers trust Blinkit for convenience and reliability, but selling prod",https://play.google.com/store/apps/details?id=com.grofers.customerapp&reviewId=2778e58e-fffa-4963-b266-d25595806a2a,4,17.97.3,en,Detailed review export,489
GP-D-bc05aa8d-e798-492a-92cd-70585a8b120c,Google Play,App review,2026-06-22,1,,"i have been a regular customer, virtually ordering everything I need from daily essentials to even gadgets from Blinkit, I recently made a purchase, the product was pathetic. they knew that and after my purchase reduced the price by mre than fifty percent, this has happened a few times earlier which I did not heed to, assuming it was a coincidence. please don't take customers for a ride, the application depends on us and no the other way around.",https://play.google.com/store/apps/details?id=com.grofers.customerapp&reviewId=bc05aa8d-e798-492a-92cd-70585a8b120c,4,18.3.0,en,Detailed review export,449
GP-D-10e65aba-43a0-4c12-b179-745c5148a5d8,Google Play,App review,2026-06-10,1,,"The services provided by Blinkit are pathetic. Most of the time, they deliver wrong or rotten items, and on several occasions, they have completely forgotten to send ordered items. The complaint redressal mechanism is also highly inefficient and fails to resolve issues promptly. Extremely dissatisfied with the overall experience and would not recommend using this service.",https://play.google.com/store/apps/details?id=com.grofers.customerapp&reviewId=10e65aba-43a0-4c12-b179-745c5148a5d8,6,17.99.1,en,Detailed review export,374
GP-D-892dcba5-bc64-40ac-91dc-cec735d83133,Google Play,App review,2026-06-06,1,,"Very dirty packaging and products. Received a used product. Never order expensive items from blinkit, just use it to order fast consumable products. Although those are also in very bad and dirty condition. It is better to go to your nearby departmental stores and buy in person.",https://play.google.com/store/apps/details?id=com.grofers.customerapp&reviewId=892dcba5-bc64-40ac-91dc-cec735d83133,5,17.97.3,en,Detailed review export,278
GP-D-acf12fce-a222-4bb8-98eb-aa9524b59276,Google Play,App review,2026-06-17,1,,"i used blinkit from last 5 to 6 months, almost every 2 to 3 days i have to order from it. and i faced a lot of issues with the product. if i order romaine lettuce in the evening, they never deliver it and they deliver green lettuce instead of romaine lettuce. and this not like 1 or 2 times but always! And if i order bell pepper yellow or red both, i always receive the spoiled! i mean if you don't have it then just don't sell it. the word limit is too little I can't write all my problems! 🤬😡🤬",https://play.google.com/store/apps/details?id=com.grofers.customerapp&reviewId=acf12fce-a222-4bb8-98eb-aa9524b59276,2,17.99.1,en,Detailed review export,496
GP-D-9cca20cd-f329-4c59-bc8f-446d53f885cd,Google Play,App review,2026-06-24,1,,"Blinkit is a terrible app. Every time I’ve placed an order, it has never arrived complete; items go missing along the way. I have to file a complaint every time, and resolving it takes a long time. The main issue is that the goods don't reach us safely or properly, so what is the point of ordering? It’s an app that has no customer care number—or rather, a number where no one ever answers the phone; you can only send emails. You tell me, what are we supposed to do?",https://play.google.com/store/apps/details?id=com.grofers.customerapp&reviewId=9cca20cd-f329-4c59-bc8f-446d53f885cd,4,18.3.0,en,Detailed review export,468
GP-D-112a6d3a-857b-4beb-951b-46452ae290bb,Google Play,App review,2026-06-03,1,,"there was a major issue with the product, and its quality was very poor as well. Even the Blinkit customer care did not resolve my problem, nor did they process the return. I never expected such poor service from Blinkit, but now I will delete this app even from my family members' phones and will never use it again.",https://play.google.com/store/apps/details?id=com.grofers.customerapp&reviewId=112a6d3a-857b-4beb-951b-46452ae290bb,7,17.99.0,en,Detailed review export,317
GP-D-e4cd4c20-4a96-4fc4-909f-d86c0327ed9c,Google Play,App review,2026-06-12,1,,"very high delivery charges, very High prices of all products. i can't suggest this app to anyone. i hve ordered some items, they show that payment will be deducted from my Amazon pay balance, when i click on proceed, payment was immediately deducted, no sms, no confirmation,. And when i cancel my order within 1-2 minute, they have deducted 20 rupees as cancellation charges. and said that my account will be refunded in two day itni beimaan company. isko to india me black list kar dena chahiye.",https://play.google.com/store/apps/details?id=com.grofers.customerapp&reviewId=e4cd4c20-4a96-4fc4-909f-d86c0327ed9c,6,17.99.1,en,Detailed review export,497
GP-D-a3fa52e4-dc44-4541-8bf3-7000bf506e35,Google Play,App review,2026-07-08,1,,"""Very disappointing experience. My order was incomplete, but I was charged for all the items. Despite reporting the issue, I have not received my refund yet. Customer support has not resolved the problem satisfactorily. I expected better service from Blinkit.",https://play.google.com/store/apps/details?id=com.grofers.customerapp&reviewId=a3fa52e4-dc44-4541-8bf3-7000bf506e35,1,18.9.2,en,Detailed review export,259
GP-D-2e5c040d-7afd-4643-bfdd-4fef278f14dc,Google Play,App review,2026-06-03,5,,"Blinkit is a very good app to buy groceries. However, of late I have seen a deterioration of the quality of fruits and vegetables from their Bandra West outlet. No doubt a refund is paid instantly but that is not we are looking for as it spoils the day as we are not able to use the product.",https://play.google.com/store/apps/details?id=com.grofers.customerapp&reviewId=2e5c040d-7afd-4643-bfdd-4fef278f14dc,5,17.97.3,en,Detailed review export,291
GP-D-7765c3b0-e68a-45ac-83bf-a3e46127684c,Google Play,App review,2026-07-14,1,,"I used this since it is grofers., today I uncovered the hard truth -> they won't value customers. I ordered a ruff pad. 1st time, pen was missing. After replacement.. the replaced product box and seal are tampered and other plaster mark was present. Initially cleaning of ruff pad is also not working and later it worked after multiple tries. they are not willing to give my money back by taking product... 2hours of calls.. from 11:30-12:30pm. BBnow(Tata) would have solved this issue in seconds",https://play.google.com/store/apps/details?id=com.grofers.customerapp&reviewId=7765c3b0-e68a-45ac-83bf-a3e46127684c,1,18.9.3,en,Detailed review export,496
GP-D-d58419ce-8852-46ae-904e-e2a6c06eb377,Google Play,App review,2026-07-28,1,,"I had a bad day, payment portal failed randomly, I needed that item urgently, and I don't have COD option too. forced to pay using upi, the payment failed and now I have to wait 3-5 days, l app.",https://play.google.com/store/apps/details?id=com.grofers.customerapp&reviewId=d58419ce-8852-46ae-904e-e2a6c06eb377,0,18.13.0,en,Detailed review export,194
GP-D-909cf678-83f3-4ea5-995d-148da360d063,Google Play,App review,2026-07-21,5,,"Blinkit is a lifesaver! The delivery is incredibly fast, and the items are always fresh and well-packaged.""""Love the convenience of getting groceries in just a few minutes. Highly recommended for daily needs!""",https://play.google.com/store/apps/details?id=com.grofers.customerapp&reviewId=909cf678-83f3-4ea5-995d-148da360d063,0,18.9.3,en,Detailed review export,209
GP-D-d9af2b01-a9de-459f-9c30-86e990ed89f1,Google Play,App review,2026-05-10,4,,"best app ever as it makes our work easy but the minus point is that it have limited options only. I want to order a football but did'nt like and when I scrolled down I thought I might get some other options but did'nt get any other. But still, one of the best app ever(for me).",https://play.google.com/store/apps/details?id=com.grofers.customerapp&reviewId=d9af2b01-a9de-459f-9c30-86e990ed89f1,7,17.95.3,en,Detailed review export,277
GP-D-26d2fafb-0b98-431d-b650-650e320afa68,Google Play,App review,2026-05-14,1,,"Worst experience while it took 2 days to place an order to confirm, I added money in blinkit wallet every time it saying this payment method is not available at the time, then why did they asked add money to wallet, instead tryed paying with other options again all are in red displaying this payment method is not available, with all this they took 2 days to or taken 2 days to place a successful order. This is my first order in blinkit, nice user experience",https://play.google.com/store/apps/details?id=com.grofers.customerapp&reviewId=26d2fafb-0b98-431d-b650-650e320afa68,11,17.95.4,en,Detailed review export,460
GP-D-7ab9811d-e6d1-4613-9f9e-fad660f7e4c2,Google Play,App review,2026-06-02,1,,"I have been waiting for my order for more than 20 minutes now, but no rider has been assigned yet. The order status is still showing as not picked up. This is very disappointing and defeats the purpose of quick delivery from Blinkit. Extremely poor service. Please improve this.",https://play.google.com/store/apps/details?id=com.grofers.customerapp&reviewId=7ab9811d-e6d1-4613-9f9e-fad660f7e4c2,6,17.97.3,en,Detailed review export,278
GP-D-2cb16415-b8f1-4968-9b0f-da0ab20f6348,Google Play,App review,2026-07-02,5,,it was too good price and I really like this App because it delivered the food and groceries within 10 minutes and we can make anything in just 10 minutes because of blinkit and their their delivery partners were very honest and polite and in this app there are very low prices groceries are available and their groceries are very fresh and the game on the delivery bags of blinkit is very playful and enjoyable,https://play.google.com/store/apps/details?id=com.grofers.customerapp&reviewId=2cb16415-b8f1-4968-9b0f-da0ab20f6348,4,18.7.0,en,Detailed review export,411
GP-D-59a270b6-b842-4285-a75a-c57e2a5adcb6,Google Play,App review,2026-05-13,1,,"My experience with Blinkit has been very disappointing. In one order, my Munch chocolate was missing, and although customer support promised a refund, I never received it. Later, I got the wrong cup noodles and was told a delivery boy come , return them for a refund, but again no money was refunded. In my next order, a Kurkure packet was also missing. Their customer service is very poor and unreliable, and these repeated issues have been frustrating..",https://play.google.com/store/apps/details?id=com.grofers.customerapp&reviewId=59a270b6-b842-4285-a75a-c57e2a5adcb6,10,17.95.4,en,Detailed review export,455
GP-D-d5b8c976-88e9-4392-a0ce-d000f74457c5,Google Play,App review,2026-07-28,1,,"just the worst experience first you show me that the store is open, only to tell me later that my order has been cancelled after having me waiting for 45 minutes that too multiple occasions then assisting agent also like can't do anything at least have some accountability",https://play.google.com/store/apps/details?id=com.grofers.customerapp&reviewId=d5b8c976-88e9-4392-a0ce-d000f74457c5,0,18.13.0,en,Detailed review export,272
GP-D-b0a807e5-1b59-482f-a135-96d1ae2386bc,Google Play,App review,2026-06-19,2,,"I have used blinkit 2-3 times it worked good but as soon as I continued this app and ordered groceries and fish, they placed order for groceries but automatically removed fish while billing and by mistake I have done the payment, it charged 52 rupees extra which was not fair at all. this kind of app just makes fool to the people.",https://play.google.com/store/apps/details?id=com.grofers.customerapp&reviewId=b0a807e5-1b59-482f-a135-96d1ae2386bc,6,18.3.0,en,Detailed review export,331
GP-D-e216c89e-91e0-4c55-8ec3-df40c6396d98,Google Play,App review,2026-07-09,1,,very very worst experience. Price is very high for many items but it is anyhow manageable but Return option is not available even if it defective one. They don't allow buyer to return. They are taking advantages of customers like me who are attracted by their faster delivery option. Amazon & flipkart are very supportive in returning the item irrespective of returnable or non returnable item.,https://play.google.com/store/apps/details?id=com.grofers.customerapp&reviewId=e216c89e-91e0-4c55-8ec3-df40c6396d98,0,18.9.2,en,Detailed review export,394
GP-D-561d4fd5-60d9-4d39-b648-e0e20e083034,Google Play,App review,2026-05-07,4,,"Decent platform, however return process has to be smooth if any item is near expiry or you don't like the quality because most of the items are food items. Alternatively you always have a nearby grocery shop where you can actually check quality and buy so in long run only quality and fresh food stuff will help",https://play.google.com/store/apps/details?id=com.grofers.customerapp&reviewId=561d4fd5-60d9-4d39-b648-e0e20e083034,6,17.95.2,en,Detailed review export,311
GP-D-2004fe8e-a23c-4ba6-990b-5fcbb5bf8d1c,Google Play,App review,2026-06-06,1,,No quality control check before the product leaves from outlet as the milk packets were torn and spilled all over and took the photos at the time of delivery Which was cleaned. And later when i try to raise a complaint through help desk its asking to take fresh pics.. Wow what a shame. No option of uploading the pics from gallery.,https://play.google.com/store/apps/details?id=com.grofers.customerapp&reviewId=2004fe8e-a23c-4ba6-990b-5fcbb5bf8d1c,7,17.99.1,en,Detailed review export,332
GP-D-1f307f19-64ed-43ed-9f84-3e4da98b9440,Google Play,App review,2026-07-13,1,,"Don't order from Blinkit at all. Last time I placed an order and there was no information. They just picked up and took all the stuff and I still haven't received my payment refund. Please don't order from anyone. It's not good, Blinkit",https://play.google.com/store/apps/details?id=com.grofers.customerapp&reviewId=1f307f19-64ed-43ed-9f84-3e4da98b9440,0,18.9.2,en,Detailed review export,236
GP-D-0d9c6c8c-f399-4ab8-b057-b4dd392c3286,Google Play,App review,2026-07-24,1,,"""This was one of the worst customer service experiences I've ever had. There was no ownership of the issue, responses felt scripted, and resolving a simple problem took far longer than it should have. I was repeatedly asked to wait without receiving any meaningful update or solution. This level of support is disappointing and has completely eroded my trust in the service. I expected much better",https://play.google.com/store/apps/details?id=com.grofers.customerapp&reviewId=0d9c6c8c-f399-4ab8-b057-b4dd392c3286,1,18.13.0,en,Detailed review export,397
GP-D-c0135256-f09b-45da-a2cb-c935f1a902c5,Google Play,App review,2026-06-28,5,,Wonderful. The package was delivered as timely as I expected. The delivery partner has done a good job while tracking the address. He took a little more time due to the wrong location shown in the app. Overall experience is good. I appreciate.,https://play.google.com/store/apps/details?id=com.grofers.customerapp&reviewId=c0135256-f09b-45da-a2cb-c935f1a902c5,8,18.7.0,en,Detailed review export,243
GP-D-a9b88ff8-a4f7-4959-97f2-e0666c223b49,Google Play,App review,2026-07-01,4,,"Good experience with Blinkit ,The delivery was quick, and most items were fresh and well-packed. The app is easy to use, and it saves a lot of time. I'm giving 4 stars because sometimes a few products are out of stock or substitutions aren't ideal. Overall, a reliable and convenient service ! ,",https://play.google.com/store/apps/details?id=com.grofers.customerapp&reviewId=a9b88ff8-a4f7-4959-97f2-e0666c223b49,5,18.7.0,en,Detailed review export,295
GP-D-b970b592-5fec-4bec-a34c-c4db7298942d,Google Play,App review,2026-07-17,5,,"⭐⭐⭐⭐⭐ Excellent service! My order was delivered on time, the products were fresh and well packed, and the delivery partner was polite and professional. The app is easy to use, and the overall experience was smooth. Highly recommended. Thank you, Blinkit!",https://play.google.com/store/apps/details?id=com.grofers.customerapp&reviewId=b970b592-5fec-4bec-a34c-c4db7298942d,0,18.9.3,en,Detailed review export,254
GP-D-ae884e27-a1d2-44e9-87ff-530e99cadcc4,Google Play,App review,2026-07-07,1,,"Service has let down. I reported missing items reported on 2nd July and still struggling to get the resolution. I was told to mail you. when I emailed you, along with video and details I was told I will get resolution in 24 to 48 hours. for a 10 min delivery item, I had to wait this long. than i get msg after i followed up again that since you could not validate my missing items, you will not refund and resend my Missing item. is that my problem? what about my money? why should I suffer?",https://play.google.com/store/apps/details?id=com.grofers.customerapp&reviewId=ae884e27-a1d2-44e9-87ff-530e99cadcc4,0,18.7.0,en,Detailed review export,492
GP-D-bb5ec2a5-07d6-40b6-b466-20608370048d,Google Play,App review,2026-07-29,5,,"⭐⭐⭐⭐⭐ I am very satisfied with Blinkit’s service. The delivery was quick, the products were fresh and well-packed, and everything arrived exactly as ordered. The app is easy to use, and the overall experience has been smooth and reliable. Thank you to the Blinkit team for providing such excellent service. Keep up the great work",https://play.google.com/store/apps/details?id=com.grofers.customerapp&reviewId=bb5ec2a5-07d6-40b6-b466-20608370048d,0,18.13.0,en,Detailed review export,329
GP-D-7f9a8e93-0acd-4209-808c-317aeefe13d7,Google Play,App review,2026-07-15,1,,"I am disappointed with my recent experience with Blinkit. The service did not meet my expectations, especially regarding the refund process. The app does not clearly show the refund status, making it confusing for customers to know whether their refund has been initiated or when they can expect to receive it. Customer support should provide clearer communication and a more transparent refund tracking system. They took the defect product but haven't replaced or did refund until this period.",https://play.google.com/store/apps/details?id=com.grofers.customerapp&reviewId=7f9a8e93-0acd-4209-808c-317aeefe13d7,0,18.9.3,en,Detailed review export,494
GP-D-4f8c310f-7943-4998-9ede-edee1d50932e,Google Play,App review,2026-07-11,3,,"So far so good. (revised after experiencing for a few more orders). To my surprise, Blinkit delivering to my Home town as well, loved the way the store and the delivery partners handling this model, makes life easier, also they maintain a wide variety of products. Only problem is that customer reviews of the product is not available, it only shows ratings.",https://play.google.com/store/apps/details?id=com.grofers.customerapp&reviewId=4f8c310f-7943-4998-9ede-edee1d50932e,133,18.7.0,en,Detailed review export,358
GP-D-540feba6-0fe3-4f0c-b2c6-c016a33aaf74,Google Play,App review,2026-07-17,1,,being a regular customer for a long time now. this is probably the first time I requested a return. customer care says we are trying to help you but there's no option in the software. so we can't help you. what a shame. have uninstalled blikit,https://play.google.com/store/apps/details?id=com.grofers.customerapp&reviewId=540feba6-0fe3-4f0c-b2c6-c016a33aaf74,0,18.9.3,en,Detailed review export,243
GP-D-b7f0d6af-4773-4299-9a51-a76e8917be71,Google Play,App review,2026-06-03,1,,Half of the time the store is closed. The delivery time always increase after placing the order also with every delivery some of the items are either rotten or expired. After which you have to raise a complain and they will just say take a refund. How this is justified you have delivered expired product or fruits that had fungus on the surface and now you are saying customer take back the money. if this would have happen 1-2 time I can understand but with every delivery it's the same case.,https://play.google.com/store/apps/details?id=com.grofers.customerapp&reviewId=b7f0d6af-4773-4299-9a51-a76e8917be71,8,17.97.3,en,Detailed review export,494
GP-D-126b9ab5-325a-4c5b-977a-25b751b0b3ea,Google Play,App review,2026-07-27,1,,"You people are terrible; you take the payment, but then split the order into two separate deliveries and demand payment twice—once for each part—even though it is actually just a single item. Please stop ordering items from here.",https://play.google.com/store/apps/details?id=com.grofers.customerapp&reviewId=126b9ab5-325a-4c5b-977a-25b751b0b3ea,0,17.97.3,en,Detailed review export,229
GP-D-265250bb-9892-452a-870e-bdafe1827f0e,Google Play,App review,2026-06-25,4,,"On June 24, 2026. I placed the order in the blinkit app worth 650 INR. The first delivery driver delivered the 2 products out of the 3 items. Another one took nearly 25 minutes to deliver and no notification or any message displayed on the app that it will be delivered by another delivery man. what if I had mistakenly re-ordered that item? would it not be a hassle. I think the delivery drivers need to be provided a message to deliver timely or else do not provide the false reach time of 9 min.",https://play.google.com/store/apps/details?id=com.grofers.customerapp&reviewId=265250bb-9892-452a-870e-bdafe1827f0e,3,18.3.0,en,Detailed review export,498
GP-D-58249ec0-468a-418d-a8ce-6215e73e904f,Google Play,App review,2026-06-30,1,,"ordered a Portronics Power Plate 17 Extension Board because it was advertised with a 16A socket. However, the 16A socket is smaller than the standard size, so my 16A plug doesn't fit properly. When I requested a return, Blinkit rejected it saying the product wasn't damaged. My issue is not about damage—it's that the product doesn't work as advertised for a standard 16A plug. Very disappointing customer support. Please improve your return policy and resolve genuine customer issues.",https://play.google.com/store/apps/details?id=com.grofers.customerapp&reviewId=58249ec0-468a-418d-a8ce-6215e73e904f,2,18.3.0,en,Detailed review export,485
GP-D-3168c02f-ae02-4f82-b6ef-295a01358f52,Google Play,App review,2026-07-01,1,,"Very disappointed with Blinkit. I ordered a trimmer that was defective and not working properly. While using it, I got injured. I immediately contacted customer support and shared a video as proof, but all they kept saying was ""Sorry for the inconvenience."" They refused to replace or return the product and said they had no option. I even requested them to take it back so I could order another brand and pay the difference, but they declined. Poor after-sales service and no concern for cust",https://play.google.com/store/apps/details?id=com.grofers.customerapp&reviewId=3168c02f-ae02-4f82-b6ef-295a01358f52,7,18.7.0,en,Detailed review export,493
GP-D-b9b41347-82a5-4365-ae24-b8d24f35927b,Google Play,App review,2026-07-17,4,,"I ordered pack of 3 chips , delivered quantity was only 2. Updating my review. The overall service and delivery experience were great. However, there is still room for improvement in order accuracy at the ground level to ensure every item is packed correctly. I hope Blinkit continues to improve this aspect and maintain its excellent service. Overall, a positive experience. Thank you!",https://play.google.com/store/apps/details?id=com.grofers.customerapp&reviewId=b9b41347-82a5-4365-ae24-b8d24f35927b,1,18.7.0,en,Detailed review export,386
GP-D-c69073b3-f091-4759-9df5-6a245e15e435,Google Play,App review,2026-05-10,3,,"The Best App !! Best Service and alot of varieties -edit : previously it used to show 11-12 mins and it took almost 9 mins to deliver to my location but now it shows 19 mins irrespective of the time of the day and it takes almost 24-26 mins, really disappointed.Also 100% of the animal products like milk or egg are always rotten",https://play.google.com/store/apps/details?id=com.grofers.customerapp&reviewId=c69073b3-f091-4759-9df5-6a245e15e435,7,17.95.3,en,Detailed review export,329
GP-D-edbb439a-df02-4d24-b9b4-f275532a5b49,Google Play,App review,2026-07-23,1,,"Would give zero stars, if that option was available. The app doesn't allow to enter the address. Despite give minute details of everything, it wants to access device location - scammers",https://play.google.com/store/apps/details?id=com.grofers.customerapp&reviewId=edbb439a-df02-4d24-b9b4-f275532a5b49,0,18.9.3,en,Detailed review export,185
GP-D-6e421cad-e68a-495a-8ec6-c5e5ef7d8cd4,Google Play,App review,2026-07-12,4,,"EXTREMELY DISAPPOINTING EXPERIENCE. almost every order got delayed,and the app keeps showing ""DELAYED"" with no proper updates. the customer support is of no real help they provide generic response but rarely solve the actual problem. the worst part of the delivery experience. when I called the delivery partner to ask how long it would take,I was told that the order had not even been assigned properly and that I should just cancel it. As a customer,why should I be asked to cancel after Waiting",https://play.google.com/store/apps/details?id=com.grofers.customerapp&reviewId=6e421cad-e68a-495a-8ec6-c5e5ef7d8cd4,2,18.7.0,en,Detailed review export,497
GP-D-e54adc83-c5c5-4e8e-80cd-c49041ada149,Google Play,App review,2026-07-21,5,,"Excellent service! My order was delivered very quickly, and all the products were fresh and well packed. The app is easy to use, and the delivery partner was polite and professional. Highly recommended for fast and hassle-free shopping.",https://play.google.com/store/apps/details?id=com.grofers.customerapp&reviewId=e54adc83-c5c5-4e8e-80cd-c49041ada149,0,17.99.1,en,Detailed review export,236
GP-D-e105dd04-e328-4464-a56f-af2f0907c0b2,Google Play,App review,2026-07-23,3,,Blinkit was one of the most used appa on my phone but now I've seen that some products that I buy often are being sold at prices higher than the MRP.. like seriously?? whats this behaviour?? I won't complain about some delivery fee or stuff but selling stuff at higher prices is not acceptable at all !!,https://play.google.com/store/apps/details?id=com.grofers.customerapp&reviewId=e105dd04-e328-4464-a56f-af2f0907c0b2,1,18.9.3,en,Detailed review export,303
GP-D-38852c46-5467-4b89-a306-16511c31a5b0,Google Play,App review,2026-07-17,2,,"certain things in my order was too small (tiny)contrary to the product shown in the app. Also, the price was differing when I opened the app again. Hope better products next time.",https://play.google.com/store/apps/details?id=com.grofers.customerapp&reviewId=38852c46-5467-4b89-a306-16511c31a5b0,0,18.9.3,en,Detailed review export,179
GP-R-2a6b69efa630,Google Play,App review,2026-08-02 14:11:49,5,,nice app,https://play.google.com/store/apps/details?id=com.grofers.customerapp,,,unknown,Recent review export,8
GP-R-a37902719a38,Google Play,App review,2026-08-02 14:10:59,5,,faah!,https://play.google.com/store/apps/details?id=com.grofers.customerapp,,,unknown,Recent review export,5
GP-R-fc19318dd131,Google Play,App review,2026-08-02 14:10:52,5,,good,https://play.google.com/store/apps/details?id=com.grofers.customerapp,,,unknown,Recent review export,4
GP-R-4268bed4f449,Google Play,App review,2026-08-02 14:10:12,4,,very good,https://play.google.com/store/apps/details?id=com.grofers.customerapp,,,unknown,Recent review export,9
GP-R-e02a021504a6,Google Play,App review,2026-08-02 14:10:05,5,,very good service of blinkit,https://play.google.com/store/apps/details?id=com.grofers.customerapp,,,unknown,Recent review export,28
GP-R-439f1a66ea9c,Google Play,App review,2026-08-02 14:09:32,5,,Nice working,https://play.google.com/store/apps/details?id=com.grofers.customerapp,,,unknown,Recent review export,12
GP-R-8e378e0061c3,Google Play,App review,2026-08-02 14:09:29,1,,customer support is rude. they don't want to hold their new customers with one mistake not giving replacement for not opened items.,https://play.google.com/store/apps/details?id=com.grofers.customerapp,,,unknown,Recent review export,131
GP-R-7222149f8c53,Google Play,App review,2026-08-02 14:08:41,5,,Excellent service and very polite delivery partner. The order arrived on time in perfect condition. Highly satisfied!,https://play.google.com/store/apps/details?id=com.grofers.customerapp,,,unknown,Recent review export,117
GP-R-e54446e4c7a6,Google Play,App review,2026-08-02 14:08:17,5,,this app is better because this app provides order fast,https://play.google.com/store/apps/details?id=com.grofers.customerapp,,,unknown,Recent review export,55
GP-R-79e510fee926,Google Play,App review,2026-08-02 14:08:13,5,,Punctual and Excellent 👍,https://play.google.com/store/apps/details?id=com.grofers.customerapp,,,unknown,Recent review export,24
GP-R-e8267e3bbb16,Google Play,App review,2026-08-02 14:06:57,5,,good service and super aap thanks blinkit,https://play.google.com/store/apps/details?id=com.grofers.customerapp,,,unknown,Recent review export,41
GP-R-4cc46f22223c,Google Play,App review,2026-08-02 14:06:37,5,,the best app ever,https://play.google.com/store/apps/details?id=com.grofers.customerapp,,,unknown,Recent review export,17
GP-R-c7eb3ac98f15,Google Play,App review,2026-08-02 14:04:57,5,,sabse badhiya app..love u blinkit.,https://play.google.com/store/apps/details?id=com.grofers.customerapp,,,unknown,Recent review export,34
GP-R-1d58cc50af78,Google Play,App review,2026-08-02 14:04:49,1,,"I believe the delivery charges applied to my order are excessive and unfair. The item cost was only ₹46, but I was charged a total of ₹101, including ₹55 as a delivery fee, even though the store is located approximately 1 km away. Such pricing appears unreasonable and may amount to an unfair trade practice. This is overcharging. Delivery charges should be based on the actual distance between the store and the delivery location, not charged arbitrarily.",https://play.google.com/store/apps/details?id=com.grofers.customerapp,,,unknown,Recent review export,456
GP-R-cf3d80137487,Google Play,App review,2026-08-02 14:04:45,5,,very satisfied,https://play.google.com/store/apps/details?id=com.grofers.customerapp,,,unknown,Recent review export,14
GP-R-d81a23581015,Google Play,App review,2026-08-02 14:04:40,4,,good 👍,https://play.google.com/store/apps/details?id=com.grofers.customerapp,,,unknown,Recent review export,6
GP-R-eafa6c2f2eff,Google Play,App review,2026-08-02 14:04:05,4,,very useful aap fast delivery 🚚 products are good,https://play.google.com/store/apps/details?id=com.grofers.customerapp,,,unknown,Recent review export,49
GP-R-403d43a6d828,Google Play,App review,2026-08-02 14:02:26,4,,fast delivery,https://play.google.com/store/apps/details?id=com.grofers.customerapp,,,unknown,Recent review export,13
GP-R-386af2675b0c,Google Play,App review,2026-08-02 14:02:14,5,,good product,https://play.google.com/store/apps/details?id=com.grofers.customerapp,,,unknown,Recent review export,12
GP-R-e394f7be1347,Google Play,App review,2026-08-02 14:01:40,5,,Superb,https://play.google.com/store/apps/details?id=com.grofers.customerapp,,,unknown,Recent review export,6
GP-R-e5fd328d61c6,Google Play,App review,2026-08-02 14:00:30,4,,It's a nice experience with this ecommerce app. I like it. 😊,https://play.google.com/store/apps/details?id=com.grofers.customerapp,,,unknown,Recent review export,60
GP-R-ff4e9899b338,Google Play,App review,2026-08-02 14:00:14,4,,very nice 👍,https://play.google.com/store/apps/details?id=com.grofers.customerapp,,,unknown,Recent review export,11
GP-R-7a85f4764bbd,Google Play,App review,2026-08-02 14:00:05,5,,ok,https://play.google.com/store/apps/details?id=com.grofers.customerapp,,,unknown,Recent review export,2
GP-R-73d581e963d4,Google Play,App review,2026-08-02 13:59:52,1,,no discount,https://play.google.com/store/apps/details?id=com.grofers.customerapp,,,unknown,Recent review export,11
GP-R-f5e040c4e045,Google Play,App review,2026-08-02 13:59:23,5,,nice grocery app the delivery boy is also good.,https://play.google.com/store/apps/details?id=com.grofers.customerapp,,,unknown,Recent review export,47
GP-R-474c4fca56e1,Google Play,App review,2026-08-02 13:58:40,4,,it is expensive app than others 10 minutes app but it is faster than all 10 minutes app,https://play.google.com/store/apps/details?id=com.grofers.customerapp,,,unknown,Recent review export,87
GP-R-0b28fb3abc00,Google Play,App review,2026-08-02 13:58:26,5,,Good service and always welcome,https://play.google.com/store/apps/details?id=com.grofers.customerapp,,,unknown,Recent review export,31
GP-R-c5f5e4d75252,Google Play,App review,2026-08-02 13:58:17,5,,Best,https://play.google.com/store/apps/details?id=com.grofers.customerapp,,,unknown,Recent review export,4
GP-R-5929e58a5aa1,Google Play,App review,2026-08-02 13:58:15,5,,nice,https://play.google.com/store/apps/details?id=com.grofers.customerapp,,,unknown,Recent review export,4
GP-R-d3837d3f5dbd,Google Play,App review,2026-08-02 13:57:36,5,,good service and very fast delivery 👍,https://play.google.com/store/apps/details?id=com.grofers.customerapp,,,unknown,Recent review export,37
GP-R-8a31dd60b9e4,Google Play,App review,2026-08-02 13:56:54,5,,best 👌,https://play.google.com/store/apps/details?id=com.grofers.customerapp,,,unknown,Recent review export,6
GP-R-0d060e96ad8e,Google Play,App review,2026-08-02 13:56:38,5,,bery good 👍👌👏👍👌👏,https://play.google.com/store/apps/details?id=com.grofers.customerapp,,,unknown,Recent review export,16
GP-R-8f6292fe70dc,Google Play,App review,2026-08-02 13:56:03,5,,🙌🏻,https://play.google.com/store/apps/details?id=com.grofers.customerapp,,,unknown,Recent review export,2
GP-R-ace2c9d0bfe7,Google Play,App review,2026-08-02 13:55:10,4,,service is good,https://play.google.com/store/apps/details?id=com.grofers.customerapp,,,unknown,Recent review export,15
GP-R-f9261824a967,Google Play,App review,2026-08-02 13:55:00,5,,ek number 🔥,https://play.google.com/store/apps/details?id=com.grofers.customerapp,,,unknown,Recent review export,11
GP-R-e01c85a8fd79,Google Play,App review,2026-08-02 13:54:45,5,,amezing,https://play.google.com/store/apps/details?id=com.grofers.customerapp,,,unknown,Recent review export,7
GP-R-7b53509518db,Google Play,App review,2026-08-02 13:54:44,5,,good sarvice,https://play.google.com/store/apps/details?id=com.grofers.customerapp,,,unknown,Recent review export,12
GP-R-51fcba549b02,Google Play,App review,2026-08-02 13:54:12,5,,amazing and on time has everything i need .urgent Dinner ingredients? Blinkit has got u covered! Project items/print? Binkit has got u COVERED!! LOVE IT,https://play.google.com/store/apps/details?id=com.grofers.customerapp,,,unknown,Recent review export,152
GP-R-165489dd39fb,Google Play,App review,2026-08-02 13:52:09,1,,"bad experience....I did not receive my order prepaid . The order was showing as delivered on the app . call to the delivery partner's number was also not connecting .Blinkit support was no help either. This is a bad app, do not use prepaid.",https://play.google.com/store/apps/details?id=com.grofers.customerapp,,,unknown,Recent review export,240
GP-R-ef4d4236d4dc,Google Play,App review,2026-08-02 13:51:55,4,,mm super 👌,https://play.google.com/store/apps/details?id=com.grofers.customerapp,,,unknown,Recent review export,10
GP-R-aeaf073bc1d7,Google Play,App review,2026-08-02 13:51:12,5,,good app,https://play.google.com/store/apps/details?id=com.grofers.customerapp,,,unknown,Recent review export,8
GP-R-e63cbf9651f3,Google Play,App review,2026-08-02 13:51:03,5,,thanks uuu,https://play.google.com/store/apps/details?id=com.grofers.customerapp,,,unknown,Recent review export,10
GP-R-aed143d0bf08,Google Play,App review,2026-08-02 13:50:32,5,,🥰,https://play.google.com/store/apps/details?id=com.grofers.customerapp,,,unknown,Recent review export,1
GP-R-4da8f89f5c46,Google Play,App review,2026-08-02 13:50:27,2,,most of the daily uses things are not available,https://play.google.com/store/apps/details?id=com.grofers.customerapp,,,unknown,Recent review export,47
GP-R-eb67997b7da5,Google Play,App review,2026-08-02 13:49:49,1,,good option gym ke liye,https://play.google.com/store/apps/details?id=com.grofers.customerapp,,,unknown,Recent review export,23
GP-R-3d4a58187d1a,Google Play,App review,2026-08-02 13:48:41,1,,best ❤️,https://play.google.com/store/apps/details?id=com.grofers.customerapp,,,unknown,Recent review export,7
GP-R-a34b2d93b414,Google Play,App review,2026-08-02 13:48:32,4,,satisfied,https://play.google.com/store/apps/details?id=com.grofers.customerapp,,,unknown,Recent review export,9
GP-R-53efa790aba6,Google Play,App review,2026-08-02 13:48:22,5,,very helpful app,https://play.google.com/store/apps/details?id=com.grofers.customerapp,,,unknown,Recent review export,16
GP-R-8065c9467260,Google Play,App review,2026-08-02 13:48:22,5,,excellent,https://play.google.com/store/apps/details?id=com.grofers.customerapp,,,unknown,Recent review export,9
GP-R-62aa8228d376,Google Play,App review,2026-08-02 13:47:49,2,,too many unnecessary charges,https://play.google.com/store/apps/details?id=com.grofers.customerapp,,,unknown,Recent review export,28
GP-R-fb0b5d3ff05c,Google Play,App review,2026-08-02 13:47:09,5,,really fantastic services,https://play.google.com/store/apps/details?id=com.grofers.customerapp,,,unknown,Recent review export,25
GP-R-e975479bce1c,Google Play,App review,2026-08-02 13:46:26,5,,super 💯,https://play.google.com/store/apps/details?id=com.grofers.customerapp,,,unknown,Recent review export,7
GP-R-a2c891429f6a,Google Play,App review,2026-08-02 13:46:15,2,,it nice app,https://play.google.com/store/apps/details?id=com.grofers.customerapp,,,unknown,Recent review export,11
GP-R-91fb3e40c912,Google Play,App review,2026-08-02 13:42:14,5,,Bdiya bhyii moj krdi ye aap bnakr🥹🎀,https://play.google.com/store/apps/details?id=com.grofers.customerapp,,,unknown,Recent review export,35
GP-R-cc07c7e495ae,Google Play,App review,2026-08-02 13:42:13,5,,nice 👍,https://play.google.com/store/apps/details?id=com.grofers.customerapp,,,unknown,Recent review export,6
GP-R-02acd3cc362c,Google Play,App review,2026-08-02 13:41:00,5,,quick service reliable and quality products,https://play.google.com/store/apps/details?id=com.grofers.customerapp,,,unknown,Recent review export,43
GP-R-bde2e184a579,Google Play,App review,2026-08-02 13:40:46,5,,nice work,https://play.google.com/store/apps/details?id=com.grofers.customerapp,,,unknown,Recent review export,9
GP-R-595047c98d0e,Google Play,App review,2026-08-02 13:38:13,5,,Very fast delivery partner 😍,https://play.google.com/store/apps/details?id=com.grofers.customerapp,,,unknown,Recent review export,28
GP-R-e2d98df0e0d1,Google Play,App review,2026-08-02 13:37:21,5,,less calling,https://play.google.com/store/apps/details?id=com.grofers.customerapp,,,unknown,Recent review export,12
GP-R-2a1b875b84fa,Google Play,App review,2026-08-02 13:36:53,5,,Fine,https://play.google.com/store/apps/details?id=com.grofers.customerapp,,,unknown,Recent review export,4
GP-R-ffffcb65be74,Google Play,App review,2026-08-02 13:35:36,1,,cod option is not available after 1 month.,https://play.google.com/store/apps/details?id=com.grofers.customerapp,,,unknown,Recent review export,42
GP-R-a3bc524d06d2,Google Play,App review,2026-08-02 13:35:30,5,,bhery good but kinda slow interface and a bit of lagging during confirming payments.,https://play.google.com/store/apps/details?id=com.grofers.customerapp,,,unknown,Recent review export,84
GP-R-bf66b0f7da53,Google Play,App review,2026-08-02 13:35:27,5,,good seevice,https://play.google.com/store/apps/details?id=com.grofers.customerapp,,,unknown,Recent review export,12
GP-R-b74bbfd7b636,Google Play,App review,2026-08-02 13:33:24,5,,gooooood,https://play.google.com/store/apps/details?id=com.grofers.customerapp,,,unknown,Recent review export,8
GP-R-5749570a404b,Google Play,App review,2026-08-02 13:33:22,5,,amazing,https://play.google.com/store/apps/details?id=com.grofers.customerapp,,,unknown,Recent review export,7
GP-R-211463a7a8b2,Google Play,App review,2026-08-02 13:32:55,5,,excellent 🥰🥰,https://play.google.com/store/apps/details?id=com.grofers.customerapp,,,unknown,Recent review export,12
GP-R-672f8cffe831,Google Play,App review,2026-08-02 13:31:45,4,,I'm happy😊,https://play.google.com/store/apps/details?id=com.grofers.customerapp,,,unknown,Recent review export,10
GP-R-bc0280d2fe5c,Google Play,App review,2026-08-02 13:31:14,5,,😊 good,https://play.google.com/store/apps/details?id=com.grofers.customerapp,,,unknown,Recent review export,6
GP-R-4738db118bc5,Google Play,App review,2026-08-02 13:31:01,5,,"it's good that we have blinkit service, put some discounts or offers",https://play.google.com/store/apps/details?id=com.grofers.customerapp,,,unknown,Recent review export,68
GP-R-b8da9d44a486,Google Play,App review,2026-08-02 13:30:56,3,,only limited products are here.. some products are not,https://play.google.com/store/apps/details?id=com.grofers.customerapp,,,unknown,Recent review export,54
GP-R-3a2ac3e54d4e,Google Play,App review,2026-08-02 13:30:39,5,,nice super fast,https://play.google.com/store/apps/details?id=com.grofers.customerapp,,,unknown,Recent review export,15
GP-R-e527e756637e,Google Play,App review,2026-08-02 13:28:44,1,,product amount is to High.,https://play.google.com/store/apps/details?id=com.grofers.customerapp,,,unknown,Recent review export,26
GP-R-3a57a109f4d7,Google Play,App review,2026-08-02 13:28:32,4,,nice service and 10 min dilevery damn guys I love it 💖,https://play.google.com/store/apps/details?id=com.grofers.customerapp,,,unknown,Recent review export,54
GP-R-254122817133,Google Play,App review,2026-08-02 13:26:18,5,,very good 😊 very nice,https://play.google.com/store/apps/details?id=com.grofers.customerapp,,,unknown,Recent review export,21
GP-R-09ab45a9d000,Google Play,App review,2026-08-02 13:25:48,5,,mashallah subhanallah,https://play.google.com/store/apps/details?id=com.grofers.customerapp,,,unknown,Recent review export,21
GP-R-3424e52aaef0,Google Play,App review,2026-08-02 13:25:43,4,,mast good good,https://play.google.com/store/apps/details?id=com.grofers.customerapp,,,unknown,Recent review export,14
GP-R-14d1261aea4d,Google Play,App review,2026-08-02 13:24:27,1,,"Recently, I bought a card reader hub for ₹900+, but it didn't work. I returned it, and they said the refund would be processed within 5 days. It's been over a month now, and I still haven't received my refund. I feel like I was scammed. Don't blindly trust Blinkit's refund promises.",https://play.google.com/store/apps/details?id=com.grofers.customerapp,,,unknown,Recent review export,283
GP-R-ad78eea0186e,Google Play,App review,2026-08-02 13:24:15,5,,very helpful .,https://play.google.com/store/apps/details?id=com.grofers.customerapp,,,unknown,Recent review export,14
GP-R-d2632e0efa9d,Google Play,App review,2026-08-02 13:24:12,5,,good 👍👍👍👍👍,https://play.google.com/store/apps/details?id=com.grofers.customerapp,,,unknown,Recent review export,10
GP-R-5a03721fa95a,Google Play,App review,2026-08-02 13:21:37,5,,Fast response,https://play.google.com/store/apps/details?id=com.grofers.customerapp,,,unknown,Recent review export,13
GP-R-cdc7cf97623a,Google Play,App review,2026-08-02 13:19:27,1,,bad not delivery all area,https://play.google.com/store/apps/details?id=com.grofers.customerapp,,,unknown,Recent review export,25
GP-R-82364b316bf3,Google Play,App review,2026-08-02 13:19:01,1,,पहले नारियल पानी सही आता था। अब ₹89 का करके भी 1 गिलास भर पानी नहीं निकलता। बिल्कुल बेकार क्वालिटी। ऐसे दोगे तो कोई भी दोबारा नहीं लेगा। Blinkit प्लीज क्वालिटी चेक करो या रेट कम,https://play.google.com/store/apps/details?id=com.grofers.customerapp,,,unknown,Recent review export,177
GP-R-146b22e26cac,Google Play,App review,2026-08-02 13:18:55,1,,too less rewards,https://play.google.com/store/apps/details?id=com.grofers.customerapp,,,unknown,Recent review export,16
GP-R-f17c208cd7d6,Google Play,App review,2026-08-02 13:18:14,1,,card not accepting,https://play.google.com/store/apps/details?id=com.grofers.customerapp,,,unknown,Recent review export,18
GP-R-4cdc9b677aa7,Google Play,App review,2026-08-02 13:17:43,5,,I feel blinkit is not just an application it's just a feeling you think and it delivers.. you just order from anywhere and your friend love ones happy.. i rarely review but I feel blinkit deserves it.thank you 💕,https://play.google.com/store/apps/details?id=com.grofers.customerapp,,,unknown,Recent review export,211
GP-R-60f8df9bb93a,Google Play,App review,2026-08-02 13:16:27,5,,convenient for emergency,https://play.google.com/store/apps/details?id=com.grofers.customerapp,,,unknown,Recent review export,24
GP-R-d490537c7fec,Google Play,App review,2026-08-02 13:15:41,5,,very good service,https://play.google.com/store/apps/details?id=com.grofers.customerapp,,,unknown,Recent review export,17
GP-R-3b0a54a02ab4,Google Play,App review,2026-08-02 13:14:35,5,,very nice,https://play.google.com/store/apps/details?id=com.grofers.customerapp,,,unknown,Recent review export,9
GP-R-7936426e0d6f,Google Play,App review,2026-08-02 13:13:59,5,,blinkit is nice delivery what you want in minutes thank you service,https://play.google.com/store/apps/details?id=com.grofers.customerapp,,,unknown,Recent review export,67
GP-R-cd8f81751523,Google Play,App review,2026-08-02 13:13:38,4,,app is well,https://play.google.com/store/apps/details?id=com.grofers.customerapp,,,unknown,Recent review export,11
GP-R-e776977af458,Google Play,App review,2026-08-02 13:13:16,5,,best thing even,https://play.google.com/store/apps/details?id=com.grofers.customerapp,,,unknown,Recent review export,15
GP-R-7b43d775eba3,Google Play,App review,2026-08-02 13:13:09,3,,can you add Cash payment under 50 rupees item also and why there is extra fees,https://play.google.com/store/apps/details?id=com.grofers.customerapp,,,unknown,Recent review export,78
GP-R-af02fba193b2,Google Play,App review,2026-08-02 13:12:13,5,,Good aap,https://play.google.com/store/apps/details?id=com.grofers.customerapp,,,unknown,Recent review export,8
GP-R-d0a0a5b4b7c3,Google Play,App review,2026-08-02 13:11:50,5,,the best app,https://play.google.com/store/apps/details?id=com.grofers.customerapp,,,unknown,Recent review export,12
GP-R-14abb9259772,Google Play,App review,2026-08-02 13:10:55,5,,thoda jaldi,https://play.google.com/store/apps/details?id=com.grofers.customerapp,,,unknown,Recent review export,11
GP-R-1c2ccda2f787,Google Play,App review,2026-08-02 13:10:40,5,,very nice looking,https://play.google.com/store/apps/details?id=com.grofers.customerapp,,,unknown,Recent review export,17
GP-R-23b514a133a8,Google Play,App review,2026-08-02 13:10:38,1,,cancel option nhi h,https://play.google.com/store/apps/details?id=com.grofers.customerapp,,,unknown,Recent review export,19
GP-R-07be20d8f9bf,Google Play,App review,2026-08-02 13:10:16,5,,nice👍,https://play.google.com/store/apps/details?id=com.grofers.customerapp,,,unknown,Recent review export,5
GP-R-38dabe7dd0d5,Google Play,App review,2026-08-02 13:07:42,5,,very good and fastest delivery app,https://play.google.com/store/apps/details?id=com.grofers.customerapp,,,unknown,Recent review export,34
GP-R-6060b9b23adb,Google Play,App review,2026-08-02 13:03:59,4,,awsome,https://play.google.com/store/apps/details?id=com.grofers.customerapp,,,unknown,Recent review export,6
GP-R-9ba1314bb543,Google Play,App review,2026-08-02 13:01:10,5,,Super fast and super reliable! Blinkit consistently delivers within 10–15 minutes as promised. The products arrive fresh and neatly packed. It has completely changed how I shop for daily essentials and last-minute needs. Highly recommended!,https://play.google.com/store/apps/details?id=com.grofers.customerapp,,,unknown,Recent review export,240
GP-R-8ce986fc9461,Google Play,App review,2026-08-02 13:00:48,1,,item is no proper company packing no seal pack and dameges item are delivered,https://play.google.com/store/apps/details?id=com.grofers.customerapp,,,unknown,Recent review export,77
GP-R-ee6a2c1ac3d6,Google Play,App review,2026-08-02 13:00:46,1,,extra charge,https://play.google.com/store/apps/details?id=com.grofers.customerapp,,,unknown,Recent review export,12
GP-R-bf6e8e84931b,Google Play,App review,2026-08-02 13:00:36,4,,charging extra for delivery and except that everything is good,https://play.google.com/store/apps/details?id=com.grofers.customerapp,,,unknown,Recent review export,62
GP-R-a2038d6d723c,Google Play,App review,2026-08-02 13:00:08,5,,Good service,https://play.google.com/store/apps/details?id=com.grofers.customerapp,,,unknown,Recent review export,12
GP-R-84dce033a44a,Google Play,App review,2026-08-02 13:00:00,5,,nice .,https://play.google.com/store/apps/details?id=com.grofers.customerapp,,,unknown,Recent review export,6
GP-R-78654ffdf2db,Google Play,App review,2026-08-02 12:57:51,5,,👍,https://play.google.com/store/apps/details?id=com.grofers.customerapp,,,unknown,Recent review export,1
GP-R-e4e26be4e4d8,Google Play,App review,2026-08-02 12:57:42,5,,Happy 😊,https://play.google.com/store/apps/details?id=com.grofers.customerapp,,,unknown,Recent review export,7
GP-R-fbf00dbecdda,Google Play,App review,2026-08-02 12:56:32,4,,best service,https://play.google.com/store/apps/details?id=com.grofers.customerapp,,,unknown,Recent review export,12
GP-R-7c07f7f42797,Google Play,App review,2026-08-02 12:56:22,5,,This app is very nice. I had ordered coconut water for myself and it did not come properly. I complained and they sent me coconut water from their traffic without payment.,https://play.google.com/store/apps/details?id=com.grofers.customerapp,,,unknown,Recent review export,171
GP-R-bbb973fc83f1,Google Play,App review,2026-08-02 12:55:47,4,,helpful👍🫶,https://play.google.com/store/apps/details?id=com.grofers.customerapp,,,unknown,Recent review export,9
GP-R-ce79eb337da5,Google Play,App review,2026-08-02 12:55:00,5,,good 😊,https://play.google.com/store/apps/details?id=com.grofers.customerapp,,,unknown,Recent review export,6
GP-R-8451ba8a14d7,Google Play,App review,2026-08-02 12:52:01,5,,super,https://play.google.com/store/apps/details?id=com.grofers.customerapp,,,unknown,Recent review export,5
GP-R-c0c52081b1fd,Google Play,App review,2026-08-02 12:51:58,5,,to much good loving it,https://play.google.com/store/apps/details?id=com.grofers.customerapp,,,unknown,Recent review export,22
GP-R-0014738c184f,Google Play,App review,2026-08-02 12:51:05,5,,amazing 😍,https://play.google.com/store/apps/details?id=com.grofers.customerapp,,,unknown,Recent review export,9
GP-R-18d19ebce9e4,Google Play,App review,2026-08-02 12:51:00,1,,too many times bad and old products and spoiled smelly products,https://play.google.com/store/apps/details?id=com.grofers.customerapp,,,unknown,Recent review export,63
GP-R-b250355493f2,Google Play,App review,2026-08-02 12:50:51,1,,please this is a request please open a branch in kunigal karnataka,https://play.google.com/store/apps/details?id=com.grofers.customerapp,,,unknown,Recent review export,66
GP-R-dc61df418352,Google Play,App review,2026-08-02 12:50:32,1,,Always late dehlivery,https://play.google.com/store/apps/details?id=com.grofers.customerapp,,,unknown,Recent review export,21
GP-R-6d19bca1d1c9,Google Play,App review,2026-08-02 12:49:26,4,,Fast service,https://play.google.com/store/apps/details?id=com.grofers.customerapp,,,unknown,Recent review export,12
GP-R-309db488cdbe,Google Play,App review,2026-08-02 12:47:50,1,,my one item missing in my order not any refund in my account,https://play.google.com/store/apps/details?id=com.grofers.customerapp,,,unknown,Recent review export,60
GP-R-4271eafdf7c6,Google Play,App review,2026-08-02 12:46:47,5,,Fast anf reasonablly priced,https://play.google.com/store/apps/details?id=com.grofers.customerapp,,,unknown,Recent review export,27
GP-R-1c0ec8f3644b,Google Play,App review,2026-08-02 12:45:06,4,,the service is very good but the app has become too laggy .,https://play.google.com/store/apps/details?id=com.grofers.customerapp,,,unknown,Recent review export,59
GP-R-4903b9c20e32,Google Play,App review,2026-08-02 12:44:36,5,,best dell,https://play.google.com/store/apps/details?id=com.grofers.customerapp,,,unknown,Recent review export,9
GP-R-bb52f45da38a,Google Play,App review,2026-08-02 12:44:25,2,,discount regarding...or offer bhi kuch nhi,https://play.google.com/store/apps/details?id=com.grofers.customerapp,,,unknown,Recent review export,42
GP-R-2f7c02046b92,Google Play,App review,2026-08-02 12:44:02,1,,bohot charges lete h or fruits to kabhi fresh nhi rehte,https://play.google.com/store/apps/details?id=com.grofers.customerapp,,,unknown,Recent review export,55
GP-R-a120e6f9f0df,Google Play,App review,2026-08-02 12:43:05,5,,very helpfull app and one more request please give me some free voucher,https://play.google.com/store/apps/details?id=com.grofers.customerapp,,,unknown,Recent review export,71
GP-R-510e0f81f80a,Google Play,App review,2026-08-02 12:43:04,5,,❤️❤️,https://play.google.com/store/apps/details?id=com.grofers.customerapp,,,unknown,Recent review export,4
GP-R-b40d52211aea,Google Play,App review,2026-08-02 12:42:43,5,,very good 😊,https://play.google.com/store/apps/details?id=com.grofers.customerapp,,,unknown,Recent review export,11
GP-R-367796e87cc4,Google Play,App review,2026-08-02 12:42:11,5,,bhaut faltu aap hai mat use Karo,https://play.google.com/store/apps/details?id=com.grofers.customerapp,,,unknown,Recent review export,32
GP-R-c48907a52272,Google Play,App review,2026-08-02 12:42:00,1,,late sarvice,https://play.google.com/store/apps/details?id=com.grofers.customerapp,,,unknown,Recent review export,12
GP-R-a0c51efafd32,Google Play,App review,2026-08-02 12:41:52,5,,nice job,https://play.google.com/store/apps/details?id=com.grofers.customerapp,,,unknown,Recent review export,8
GP-R-126d73ba3661,Google Play,App review,2026-08-02 12:41:10,5,,good job,https://play.google.com/store/apps/details?id=com.grofers.customerapp,,,unknown,Recent review export,8
GP-R-6baea217b536,Google Play,App review,2026-08-02 12:40:20,5,,We’ve ordered for the first time; let's see what the product is like.,https://play.google.com/store/apps/details?id=com.grofers.customerapp,,,unknown,Recent review export,69
GP-R-dea4321f6d01,Google Play,App review,2026-08-02 12:39:48,5,,very best app,https://play.google.com/store/apps/details?id=com.grofers.customerapp,,,unknown,Recent review export,13
GP-R-0bd2f1279939,Google Play,App review,2026-08-02 12:39:08,5,,good 😊🤲🤲🤲🤲🤲🤲💖💖💖💖💖💖💖💖💖💖💖💖💖💖💖,https://play.google.com/store/apps/details?id=com.grofers.customerapp,,,unknown,Recent review export,27
GP-R-3b372cd5330c,Google Play,App review,2026-08-02 12:38:55,5,,awesome 👍,https://play.google.com/store/apps/details?id=com.grofers.customerapp,,,unknown,Recent review export,9
GP-R-399e20a0036f,Google Play,App review,2026-08-02 12:38:38,5,,"Blinkit's delivery is lightning fast! The app is highly reliable, products always arrive fresh and well-packed, and the riders are incredibly polite. It completely transforms daily grocery shopping.""",https://play.google.com/store/apps/details?id=com.grofers.customerapp,,,unknown,Recent review export,199
GP-R-e73cea49ec4b,Google Play,App review,2026-08-02 12:35:55,5,,it is a India delivery minute app you can track all the location of all your orders eating fruits every kind of toys kitchen groceries,https://play.google.com/store/apps/details?id=com.grofers.customerapp,,,unknown,Recent review export,134
GP-R-d7abe04891ea,Google Play,App review,2026-08-02 12:35:48,4,,"they provide nice things but some of the glass products are found broken , so they beed to be kept secure",https://play.google.com/store/apps/details?id=com.grofers.customerapp,,,unknown,Recent review export,105
GP-R-3409aa0e707e,Google Play,App review,2026-08-02 12:33:41,5,,very good this app you try now,https://play.google.com/store/apps/details?id=com.grofers.customerapp,,,unknown,Recent review export,30
GP-R-6785e0017b8e,Google Play,App review,2026-08-02 12:33:30,5,,easy order and enjoy life,https://play.google.com/store/apps/details?id=com.grofers.customerapp,,,unknown,Recent review export,25
GP-R-176845f921d4,Google Play,App review,2026-08-02 12:33:28,5,,very nice app,https://play.google.com/store/apps/details?id=com.grofers.customerapp,,,unknown,Recent review export,13
GP-R-ec241993d81c,Google Play,App review,2026-08-02 12:32:45,5,,best app for quick service,https://play.google.com/store/apps/details?id=com.grofers.customerapp,,,unknown,Recent review export,26
GP-R-093618ec21b1,Google Play,App review,2026-08-02 12:31:02,1,,"app closed, delivery cancelled, login restricted. Terrible experience. support team non existent it seems.",https://play.google.com/store/apps/details?id=com.grofers.customerapp,,,unknown,Recent review export,106
GP-R-17e96ba3bd14,Google Play,App review,2026-08-02 12:30:28,5,,amazinggg,https://play.google.com/store/apps/details?id=com.grofers.customerapp,,,unknown,Recent review export,9
GP-R-08f274dd1a72,Google Play,App review,2026-08-02 12:29:34,1,,I felt bad experience at blinkit because of the delivery agent don't know how to use GPS and phone....,https://play.google.com/store/apps/details?id=com.grofers.customerapp,,,unknown,Recent review export,102
GP-R-224e58ba853e,Google Play,App review,2026-08-02 12:29:14,1,,this blinkit didn't refund my amount yet...as I paid earlier before reaching items now no one is responsible for taking any complaint,https://play.google.com/store/apps/details?id=com.grofers.customerapp,,,unknown,Recent review export,133
GP-R-e1433db02b41,Google Play,App review,2026-08-02 12:28:17,1,,"I request everyone to avoid this fraudulent app/platform and think twice before booking or purchasing anything from it. Today, I had a very disappointing experience. One item worth ₹875 was not delivered, yet the delivery agent left after claiming everything had been handed over. Even after I showed him the order details and payment confirmation, he acted completely clueless. shamelessly order section marked the order as ""delivered on time"" instead of resolved",https://play.google.com/store/apps/details?id=com.grofers.customerapp,,,unknown,Recent review export,464
GP-R-5f9f9fe5a6ab,Google Play,App review,2026-08-02 12:26:57,5,,huhh,https://play.google.com/store/apps/details?id=com.grofers.customerapp,,,unknown,Recent review export,4
GP-R-753393adff76,Google Play,App review,2026-08-02 12:26:56,5,,very nice app my match in half hours blinkit gave a bat in just 15 mins,https://play.google.com/store/apps/details?id=com.grofers.customerapp,,,unknown,Recent review export,71
GP-R-5c44984ccc0f,Google Play,App review,2026-08-02 12:26:38,1,,orders should be cancelable,https://play.google.com/store/apps/details?id=com.grofers.customerapp,,,unknown,Recent review export,27
GP-R-da8af15c11b3,Google Play,App review,2026-08-02 12:25:49,2,,"Very Poor Service. *""First Blinkit sent me the wrong item, and even after I requested, you didn’t send the correct item again. And you said that we can’t do anything about it.""*",https://play.google.com/store/apps/details?id=com.grofers.customerapp,,,unknown,Recent review export,177
GP-R-8aebba1d0dc3,Google Play,App review,2026-08-02 12:25:28,1,,"gys never download this app. there is no reason for lying. this app gave me a free voucher for rs 150 and I got the order 4housr late literally I waiter 2.5 days for the order and no proper response from cc so gys go to zepto. its better. not only zepto, insta mart or Amazon minuts or even flipkart mins but not blinkit.",https://play.google.com/store/apps/details?id=com.grofers.customerapp,,,unknown,Recent review export,321
GP-R-55e48158b09f,Google Play,App review,2026-08-02 12:24:22,5,,Thank You for service...,https://play.google.com/store/apps/details?id=com.grofers.customerapp,,,unknown,Recent review export,24
GP-R-0f1105900340,Google Play,App review,2026-08-02 12:23:35,5,,Excellent Service,https://play.google.com/store/apps/details?id=com.grofers.customerapp,,,unknown,Recent review export,17
GP-R-9903e44741b8,Google Play,App review,2026-08-02 12:21:33,1,,रिटर्न की सुविधा होनी चाहिए,https://play.google.com/store/apps/details?id=com.grofers.customerapp,,,unknown,Recent review export,27
GP-R-e1e20784b9f3,Google Play,App review,2026-08-02 12:20:10,1,,your app is getting glitch and order only one item by itself and I had to give double price of the product such a bad experience 😞,https://play.google.com/store/apps/details?id=com.grofers.customerapp,,,unknown,Recent review export,130
GP-R-c5ce11c73c36,Google Play,App review,2026-08-02 12:18:39,1,,worst,https://play.google.com/store/apps/details?id=com.grofers.customerapp,,,unknown,Recent review export,5
GP-R-0cf551a3f46d,Google Play,App review,2026-08-02 12:17:56,5,,deliver on time☺🤗,https://play.google.com/store/apps/details?id=com.grofers.customerapp,,,unknown,Recent review export,17
GP-R-63f7dd40f014,Google Play,App review,2026-08-02 12:16:53,5,,very good delevrad,https://play.google.com/store/apps/details?id=com.grofers.customerapp,,,unknown,Recent review export,18
GP-R-cbd91529b17f,Google Play,App review,2026-08-02 12:15:41,5,,omg nice app,https://play.google.com/store/apps/details?id=com.grofers.customerapp,,,unknown,Recent review export,12
GP-R-9abd0257c22a,Google Play,App review,2026-08-02 12:14:53,5,,super 👍👍👍👍👍,https://play.google.com/store/apps/details?id=com.grofers.customerapp,,,unknown,Recent review export,11
GP-R-b0839a929630,Google Play,App review,2026-08-02 12:14:41,5,,helpful app... use it,https://play.google.com/store/apps/details?id=com.grofers.customerapp,,,unknown,Recent review export,21
GP-R-561c7902e222,Google Play,App review,2026-08-02 12:12:36,1,,"return policy is very bad. harder to replace or return,even harder to connect manager. most of the time items are of poor quality and food items are inedible. very bad experience. better to buy from local stores.",https://play.google.com/store/apps/details?id=com.grofers.customerapp,,,unknown,Recent review export,212
GP-R-7bdd0c001eb6,Google Play,App review,2026-08-02 12:12:17,5,,useful for daily routine,https://play.google.com/store/apps/details?id=com.grofers.customerapp,,,unknown,Recent review export,24
GP-R-3599be88e786,Google Play,App review,2026-08-02 12:10:24,3,,this is my first app to deliver in minutes but the charges delivery and other charges is high except you order about 200 at the rain you will get rs 40 extra charges adds sugar also,https://play.google.com/store/apps/details?id=com.grofers.customerapp,,,unknown,Recent review export,181
GP-R-9a3664a8663b,Google Play,App review,2026-08-02 12:09:15,3,,free to shop anything anytime through this app,https://play.google.com/store/apps/details?id=com.grofers.customerapp,,,unknown,Recent review export,46
GP-R-5742b4d8e6eb,Google Play,App review,2026-08-02 12:07:43,5,,ok ordered,https://play.google.com/store/apps/details?id=com.grofers.customerapp,,,unknown,Recent review export,10
GP-R-85f41b3dd47e,Google Play,App review,2026-08-02 12:07:18,5,,Best save time and Fuel Money,https://play.google.com/store/apps/details?id=com.grofers.customerapp,,,unknown,Recent review export,29
GP-R-a49abe03e21d,Google Play,App review,2026-08-02 12:07:08,5,,very very good all items are really in good way and the polybags are damn sweet❣️,https://play.google.com/store/apps/details?id=com.grofers.customerapp,,,unknown,Recent review export,81
GP-R-100984b359a9,Google Play,App review,2026-08-02 12:05:20,5,,fastest delivery and we get almost every possible item!,https://play.google.com/store/apps/details?id=com.grofers.customerapp,,,unknown,Recent review export,55
GP-R-78adfdcb47e0,Google Play,App review,2026-08-02 12:02:30,5,,easy way,https://play.google.com/store/apps/details?id=com.grofers.customerapp,,,unknown,Recent review export,8
GP-R-7eb99a176d96,Google Play,App review,2026-08-02 12:02:25,1,,more cost,https://play.google.com/store/apps/details?id=com.grofers.customerapp,,,unknown,Recent review export,9
GP-R-8fdb7e2fa84f,Google Play,App review,2026-08-02 12:01:06,5,,okay,https://play.google.com/store/apps/details?id=com.grofers.customerapp,,,unknown,Recent review export,4
GP-R-37e709f43faa,Google Play,App review,2026-08-02 12:00:52,1,,the blinking product are good and why not it will be good as the price difference from other platform is 15 to 16 percent high.,https://play.google.com/store/apps/details?id=com.grofers.customerapp,,,unknown,Recent review export,127
GP-R-15d0e7df68c1,Google Play,App review,2026-08-02 12:00:01,5,,aadhi tension dur kar di,https://play.google.com/store/apps/details?id=com.grofers.customerapp,,,unknown,Recent review export,24
GP-R-64f65ff0c17b,Google Play,App review,2026-08-02 11:58:31,2,,no offer any time this is very bad I am no need bag unnecessary charge handling charge what is this,https://play.google.com/store/apps/details?id=com.grofers.customerapp,,,unknown,Recent review export,99
GP-R-618a16640f98,Google Play,App review,2026-08-02 11:57:55,5,,so fast service always helpfull this app is amazing 👏 🤩,https://play.google.com/store/apps/details?id=com.grofers.customerapp,,,unknown,Recent review export,55
GP-R-add59b763a5b,Google Play,App review,2026-08-02 11:56:34,5,,very nice aap,https://play.google.com/store/apps/details?id=com.grofers.customerapp,,,unknown,Recent review export,13
GP-R-9876c6598f51,Google Play,App review,2026-08-02 11:55:43,5,,helpful 🥹,https://play.google.com/store/apps/details?id=com.grofers.customerapp,,,unknown,Recent review export,9
GP-R-62fc1757aada,Google Play,App review,2026-08-02 11:54:57,1,,I requested several times for cancellation or add more items but they are not accepting my request again it happens again today with in a min,https://play.google.com/store/apps/details?id=com.grofers.customerapp,,,unknown,Recent review export,141
GP-R-eede78b21f46,Google Play,App review,2026-08-02 11:52:59,1,,very bad,https://play.google.com/store/apps/details?id=com.grofers.customerapp,,,unknown,Recent review export,8
GP-R-9bfb2f925faa,Google Play,App review,2026-08-02 11:51:45,5,,its good ig?,https://play.google.com/store/apps/details?id=com.grofers.customerapp,,,unknown,Recent review export,12
GP-R-b556c3be764c,Google Play,App review,2026-08-02 11:50:23,5,,COUPON dijiye jo daily customer hai,https://play.google.com/store/apps/details?id=com.grofers.customerapp,,,unknown,Recent review export,35
GP-R-fe9e520a691a,Google Play,App review,2026-08-02 11:50:04,5,,to good 💯,https://play.google.com/store/apps/details?id=com.grofers.customerapp,,,unknown,Recent review export,9
GP-R-3978d009748e,Google Play,App review,2026-08-02 11:48:57,3,,happy,https://play.google.com/store/apps/details?id=com.grofers.customerapp,,,unknown,Recent review export,5
GP-R-d8bbe5a168c9,Google Play,App review,2026-08-02 11:48:32,5,,Delivering our orders in minutes...packing was perfect!!,https://play.google.com/store/apps/details?id=com.grofers.customerapp,,,unknown,Recent review export,56
GP-R-3e52cbe83356,Google Play,App review,2026-08-02 11:45:49,5,,"I’d rate Blinkit 5 out of 5 stars. Honestly,it has made life a lot easier. Whenever I suddenly run out of something whether it’s snacks, groceries, or even small essentials Blinkit delivers it super quickly. Most of my orders arrive within minutes, which still feels kind of amazing. The app is simple to use, and I like how everything is organized, so finding items doesn’t take much time. The product quality is usually good, and the packaging is neat. Delivery partners are also polite.",https://play.google.com/store/apps/details?id=com.grofers.customerapp,,,unknown,Recent review export,489
GP-R-03d67c263c27,Google Play,App review,2026-08-02 11:45:31,5,,awesome,https://play.google.com/store/apps/details?id=com.grofers.customerapp,,,unknown,Recent review export,7
GP-R-cdcc9ab627fd,Google Play,App review,2026-08-02 11:44:09,5,,excellent 👌,https://play.google.com/store/apps/details?id=com.grofers.customerapp,,,unknown,Recent review export,11
GP-R-b8c0764704a5,Google Play,App review,2026-08-02 11:42:36,4,,it good,https://play.google.com/store/apps/details?id=com.grofers.customerapp,,,unknown,Recent review export,7
GP-R-2c6cfa8f31e8,Google Play,App review,2026-08-02 11:42:08,4,,really need this app in Gopalganj location...we r soo happy 😊,https://play.google.com/store/apps/details?id=com.grofers.customerapp,,,unknown,Recent review export,61
GP-R-0061cef9f283,Google Play,App review,2026-08-02 11:42:04,5,,great service nice paking,https://play.google.com/store/apps/details?id=com.grofers.customerapp,,,unknown,Recent review export,25
GP-R-a461a505e25f,Google Play,App review,2026-08-02 11:40:42,5,,Nice service on time I really like it 👍👍,https://play.google.com/store/apps/details?id=com.grofers.customerapp,,,unknown,Recent review export,40
GP-R-3b409d1743cd,Google Play,App review,2026-08-02 11:40:13,4,,Very good experience.,https://play.google.com/store/apps/details?id=com.grofers.customerapp,,,unknown,Recent review export,21
GP-R-a782d86ec681,Google Play,App review,2026-08-02 11:39:07,5,,great app always there in need love the ambulance service too gotta work with few delivery partners tho but rest is good,https://play.google.com/store/apps/details?id=com.grofers.customerapp,,,unknown,Recent review export,120
GP-R-f926a17eba0e,Google Play,App review,2026-08-02 11:38:42,5,,veri good nice,https://play.google.com/store/apps/details?id=com.grofers.customerapp,,,unknown,Recent review export,14
GP-R-a2d69617b463,Google Play,App review,2026-08-02 11:37:36,5,,best delivery app,https://play.google.com/store/apps/details?id=com.grofers.customerapp,,,unknown,Recent review export,17
GP-R-dfc30ecb3f1f,Google Play,App review,2026-08-02 11:37:33,5,,very very good 😊,https://play.google.com/store/apps/details?id=com.grofers.customerapp,,,unknown,Recent review export,16
GP-R-a4952c984c0c,Google Play,App review,2026-08-02 11:37:19,5,,this apps service is very good,https://play.google.com/store/apps/details?id=com.grofers.customerapp,,,unknown,Recent review export,30
GP-R-d1c0203f8d15,Google Play,App review,2026-08-02 11:36:58,2,,Tipping added without any information,https://play.google.com/store/apps/details?id=com.grofers.customerapp,,,unknown,Recent review export,37
GP-R-1567207714db,Google Play,App review,2026-08-02 11:34:32,5,,"mm ,",https://play.google.com/store/apps/details?id=com.grofers.customerapp,,,unknown,Recent review export,4
GP-R-c10d672773aa,Google Play,App review,2026-08-02 11:34:04,1,,is no good 👍,https://play.google.com/store/apps/details?id=com.grofers.customerapp,,,unknown,Recent review export,12
GP-R-63d15310001d,Google Play,App review,2026-08-02 11:33:32,5,,thanks for help us,https://play.google.com/store/apps/details?id=com.grofers.customerapp,,,unknown,Recent review export,18
GP-R-01e48bd3b3e7,Google Play,App review,2026-08-02 11:31:47,5,,Im fast time blinkit good 👍,https://play.google.com/store/apps/details?id=com.grofers.customerapp,,,unknown,Recent review export,27
GP-R-8388ae0b2e07,Google Play,App review,2026-08-02 11:31:10,5,,mind blowing service love it,https://play.google.com/store/apps/details?id=com.grofers.customerapp,,,unknown,Recent review export,28
GP-R-339dca4f74ad,Google Play,App review,2026-08-02 11:30:47,1,,"I am extremely disappointed with your delivery service. I regularly place orders from Zink London, 1st Floor, Mantri Mall because I cannot leave my store during working hours. However, almost every time, the delivery partner stops outside the mall and calls me to come and collect the order. If I had to go outside the mall myself, there would be no point in ordering through a delivery app. The whole purpose of ordering is to have the food delivered to my location. On several occasions, my orders",https://play.google.com/store/apps/details?id=com.grofers.customerapp,,,unknown,Recent review export,499
GP-R-a82e747aa982,Google Play,App review,2026-08-02 11:30:40,5,,👌,https://play.google.com/store/apps/details?id=com.grofers.customerapp,,,unknown,Recent review export,1
GP-R-3152b67805bd,Google Play,App review,2026-08-02 11:30:29,5,,😘good 💐,https://play.google.com/store/apps/details?id=com.grofers.customerapp,,,unknown,Recent review export,7
GP-R-e59329825e70,Google Play,App review,2026-08-02 11:30:22,3,,Delivery charges are not good,https://play.google.com/store/apps/details?id=com.grofers.customerapp,,,unknown,Recent review export,29
GP-R-15ac5ecdaeb2,Google Play,App review,2026-08-02 11:30:19,5,,yep I love it,https://play.google.com/store/apps/details?id=com.grofers.customerapp,,,unknown,Recent review export,13
GP-R-7a5006e5f078,Google Play,App review,2026-08-02 11:30:18,5,,sick bro🔥🫶,https://play.google.com/store/apps/details?id=com.grofers.customerapp,,,unknown,Recent review export,10
GP-R-e70649d1031d,Google Play,App review,2026-08-02 11:29:57,5,,💖,https://play.google.com/store/apps/details?id=com.grofers.customerapp,,,unknown,Recent review export,1
GP-R-068f5a748f66,Google Play,App review,2026-08-02 11:25:34,5,,Great service! Fast delivery and everything arrived in good condition Very convenient and quick...😊,https://play.google.com/store/apps/details?id=com.grofers.customerapp,,,unknown,Recent review export,99
GP-R-0d856664f9c5,Google Play,App review,2026-08-02 11:24:27,1,,it allows another person to login with your account it is rubbish and it is harming my phone and calling me to delivery 🤮,https://play.google.com/store/apps/details?id=com.grofers.customerapp,,,unknown,Recent review export,121
GP-R-71fba17842a0,Google Play,App review,2026-08-02 11:24:00,5,,quick clean service,https://play.google.com/store/apps/details?id=com.grofers.customerapp,,,unknown,Recent review export,19
GP-R-678d6e3b6e5b,Google Play,App review,2026-08-02 11:23:38,5,,awesome👍,https://play.google.com/store/apps/details?id=com.grofers.customerapp,,,unknown,Recent review export,8
GP-R-f8dbeae227d5,Google Play,App review,2026-08-02 11:22:28,1,,kindly resolve the queries of users via support executive instead of using chatbot to better address the concern of the complainant.,https://play.google.com/store/apps/details?id=com.grofers.customerapp,,,unknown,Recent review export,132
GP-R-7c806a544017,Google Play,App review,2026-08-02 11:22:22,1,,mujhe sub game box nahin mila,https://play.google.com/store/apps/details?id=com.grofers.customerapp,,,unknown,Recent review export,29
GP-R-5029b885c0ac,Google Play,App review,2026-08-02 11:20:19,1,,Uninstalled blinkit today. The delivery store person is utter nonsense and doesn't know how to pack perishable and non-perishable items. The behaviour is extremely rude and doesn't even know how to treat their own delivery partners. Had a pathetic experience over time on blinkit. Did not receive the replacement items and had to ask and call multiple times to get refund for damaged items. The customer support executives don't know how to resolve issues properly. zepto and Bigbasket is far better.,https://play.google.com/store/apps/details?id=com.grofers.customerapp,,,unknown,Recent review export,500
GP-R-b41a364b8d2e,Google Play,App review,2026-08-02 11:19:40,1,,horrible,https://play.google.com/store/apps/details?id=com.grofers.customerapp,,,unknown,Recent review export,8
GP-R-3f8ef9884e85,Google Play,App review,2026-08-02 11:19:29,5,,Greattttttt!!!!!! 🚀🚀🚀,https://play.google.com/store/apps/details?id=com.grofers.customerapp,,,unknown,Recent review export,21
GP-R-eaefbf708229,Google Play,App review,2026-08-02 11:19:24,3,,very good service but delivery fees must not be illogically high and free delivery should be available from 99 above or atleast add a monthly subscription plan for free or low cost delivery fees.We cannot order in batch all the time,https://play.google.com/store/apps/details?id=com.grofers.customerapp,,,unknown,Recent review export,232
GP-R-4fe9bf06297b,Google Play,App review,2026-08-02 11:17:10,4,,"so good,must have app",https://play.google.com/store/apps/details?id=com.grofers.customerapp,,,unknown,Recent review export,21
GP-R-e082ad0941b6,Google Play,App review,2026-08-02 11:16:33,5,,myntra has discount of 80 percent in this app the rate is very higher,https://play.google.com/store/apps/details?id=com.grofers.customerapp,,,unknown,Recent review export,69
GP-R-07d58d92d869,Google Play,App review,2026-08-02 11:15:49,5,,💕,https://play.google.com/store/apps/details?id=com.grofers.customerapp,,,unknown,Recent review export,1
GP-R-45d4fca8ab33,Google Play,App review,2026-08-02 11:15:34,4,,very good app but deducted 1 star for expensive rate,https://play.google.com/store/apps/details?id=com.grofers.customerapp,,,unknown,Recent review export,52
GP-R-f27183276cbd,Google Play,App review,2026-08-02 11:14:22,5,,nic,https://play.google.com/store/apps/details?id=com.grofers.customerapp,,,unknown,Recent review export,3
GP-R-89a17021b08c,Google Play,App review,2026-08-02 11:12:53,5,,fast delivery quick fasting,https://play.google.com/store/apps/details?id=com.grofers.customerapp,,,unknown,Recent review export,27
GP-R-83cfec21a15c,Google Play,App review,2026-08-02 11:09:55,5,,super 😊💯,https://play.google.com/store/apps/details?id=com.grofers.customerapp,,,unknown,Recent review export,8
GP-R-607185e3d5cd,Google Play,App review,2026-08-02 11:06:26,1,,very disappointed and disgusting service i ever took,https://play.google.com/store/apps/details?id=com.grofers.customerapp,,,unknown,Recent review export,52
GP-R-2229be2771a8,Google Play,App review,2026-08-02 11:04:45,5,,Good Service......,https://play.google.com/store/apps/details?id=com.grofers.customerapp,,,unknown,Recent review export,18
GP-R-5a7748e7321b,Google Play,App review,2026-08-02 11:04:31,1,,bad service packaging.,https://play.google.com/store/apps/details?id=com.grofers.customerapp,,,unknown,Recent review export,22
GP-R-a52873c3e26f,Google Play,App review,2026-08-02 11:03:40,5,,amazing work,https://play.google.com/store/apps/details?id=com.grofers.customerapp,,,unknown,Recent review export,12
GP-R-a4a4fed5bd26,Google Play,App review,2026-08-02 11:03:31,5,,it's noice !!,https://play.google.com/store/apps/details?id=com.grofers.customerapp,,,unknown,Recent review export,13
GP-R-0402582bd3af,Google Play,App review,2026-08-02 11:01:50,5,,🙂,https://play.google.com/store/apps/details?id=com.grofers.customerapp,,,unknown,Recent review export,1
GP-R-4b474804b197,Google Play,App review,2026-08-02 11:00:02,5,,best app for delivery,https://play.google.com/store/apps/details?id=com.grofers.customerapp,,,unknown,Recent review export,21
GP-R-1b9f75b302d3,Google Play,App review,2026-08-02 10:59:32,5,,my first time to use,https://play.google.com/store/apps/details?id=com.grofers.customerapp,,,unknown,Recent review export,20
GP-R-a81e3643cd01,Google Play,App review,2026-08-02 10:59:15,3,,nice opinion,https://play.google.com/store/apps/details?id=com.grofers.customerapp,,,unknown,Recent review export,12
GP-R-d4edaf5281c0,Google Play,App review,2026-08-02 10:59:03,5,,Nice app and didn't late the order,https://play.google.com/store/apps/details?id=com.grofers.customerapp,,,unknown,Recent review export,34
GP-R-e6e8b6a20174,Google Play,App review,2026-08-02 10:58:41,1,,"delivers duplicate items even after that , the delivery executive is not helping , they even do not let me return the item",https://play.google.com/store/apps/details?id=com.grofers.customerapp,,,unknown,Recent review export,122
GP-R-f730bbc39319,Google Play,App review,2026-08-02 10:58:03,5,,kurkure 10 wale ni milte 20 wale milte hai aisa mat karo meri jaan,https://play.google.com/store/apps/details?id=com.grofers.customerapp,,,unknown,Recent review export,66
GP-R-2dfe1319bfbf,Google Play,App review,2026-08-02 10:55:16,5,,timely response is good,https://play.google.com/store/apps/details?id=com.grofers.customerapp,,,unknown,Recent review export,23
GP-R-1dab6cbc6c62,Google Play,App review,2026-08-02 10:53:15,1,,thanda cool cool,https://play.google.com/store/apps/details?id=com.grofers.customerapp,,,unknown,Recent review export,16
GP-R-306101c58ea7,Google Play,App review,2026-08-02 10:53:09,1,,To Expensive,https://play.google.com/store/apps/details?id=com.grofers.customerapp,,,unknown,Recent review export,12
GP-R-8fdc8069b500,Google Play,App review,2026-08-02 10:51:51,5,,much better service,https://play.google.com/store/apps/details?id=com.grofers.customerapp,,,unknown,Recent review export,19
GP-R-12e84eee3f61,Google Play,App review,2026-08-02 10:50:54,5,,"wow , it's better than Bigbasket and very useful for hostel students",https://play.google.com/store/apps/details?id=com.grofers.customerapp,,,unknown,Recent review export,68
GP-R-66dfdc2bc414,Google Play,App review,2026-08-02 10:50:45,4,,okk,https://play.google.com/store/apps/details?id=com.grofers.customerapp,,,unknown,Recent review export,3
GP-R-ee7125ce4977,Google Play,App review,2026-08-02 10:49:22,5,,best 10 min apppppppppp,https://play.google.com/store/apps/details?id=com.grofers.customerapp,,,unknown,Recent review export,23
GP-R-43743b85461e,Google Play,App review,2026-08-02 10:48:52,5,,very very good app please try,https://play.google.com/store/apps/details?id=com.grofers.customerapp,,,unknown,Recent review export,29
GP-R-1c114f019e17,Google Play,App review,2026-08-02 10:47:42,1,,bahut bakbash,https://play.google.com/store/apps/details?id=com.grofers.customerapp,,,unknown,Recent review export,13
GP-R-5a94729cd8f5,Google Play,App review,2026-08-02 10:47:24,5,,on time,https://play.google.com/store/apps/details?id=com.grofers.customerapp,,,unknown,Recent review export,7
GP-R-5b9b16a3cf27,Google Play,App review,2026-08-02 10:46:42,5,,nice app iove it,https://play.google.com/store/apps/details?id=com.grofers.customerapp,,,unknown,Recent review export,16
GP-R-ff5f5f586e4f,Google Play,App review,2026-08-02 10:44:52,2,,Charge huge fee on product and delay the delivery too.,https://play.google.com/store/apps/details?id=com.grofers.customerapp,,,unknown,Recent review export,54
GP-R-ef7b71521ed7,Google Play,App review,2026-08-02 10:43:14,1,,the worst app I have ever used. they deliver wrong sized lenskart glasses and refused to replace. although at the time I ordered it was showing medium they delivered large also showing 7 days replacement if incorrect or damaged item is delivered. but instantly after recieving the order I connect with their costumer care but they sad they can't resolve it. They are looting people. now the glasses are not worthy for me. and also the money gone. please don't fall in trap.,https://play.google.com/store/apps/details?id=com.grofers.customerapp,,,unknown,Recent review export,473
GP-R-b26718f83bd8,Google Play,App review,2026-08-02 10:42:19,2,,becz of extra charges,https://play.google.com/store/apps/details?id=com.grofers.customerapp,,,unknown,Recent review export,21
GP-R-76963180ae83,Google Play,App review,2026-08-02 10:42:13,1,,worst experience,https://play.google.com/store/apps/details?id=com.grofers.customerapp,,,unknown,Recent review export,16
GP-R-a0e019c0c56c,Google Play,App review,2026-08-02 10:40:41,1,,Fraud,https://play.google.com/store/apps/details?id=com.grofers.customerapp,,,unknown,Recent review export,5
GP-R-57c4a4b3286e,Google Play,App review,2026-08-02 10:40:27,4,,getting to my area is great Relief for me Thankyou,https://play.google.com/store/apps/details?id=com.grofers.customerapp,,,unknown,Recent review export,50
GP-R-6c1667bba632,Google Play,App review,2026-08-02 10:39:54,1,,they only give one pack of the product if product have offer like buy one get one free,https://play.google.com/store/apps/details?id=com.grofers.customerapp,,,unknown,Recent review export,86
GP-R-a02cfbd24191,Google Play,App review,2026-08-02 10:38:44,5,,fast n reliable service,https://play.google.com/store/apps/details?id=com.grofers.customerapp,,,unknown,Recent review export,23
GP-R-1db41b4c08ea,Google Play,App review,2026-08-02 10:38:12,5,,it's very nice and help till day and night,https://play.google.com/store/apps/details?id=com.grofers.customerapp,,,unknown,Recent review export,42
GP-R-0fd7c0f2f180,Google Play,App review,2026-08-02 10:37:59,3,,not option in cash on delivery,https://play.google.com/store/apps/details?id=com.grofers.customerapp,,,unknown,Recent review export,30
GP-R-72f5bff1cadc,Google Play,App review,2026-08-02 10:37:12,5,,nice app 👍,https://play.google.com/store/apps/details?id=com.grofers.customerapp,,,unknown,Recent review export,10
GP-R-d3323ccae30d,Google Play,App review,2026-08-02 10:36:51,5,,great app to get things easily,https://play.google.com/store/apps/details?id=com.grofers.customerapp,,,unknown,Recent review export,30
GP-R-ceaf74ff4bc1,Google Play,App review,2026-08-02 10:36:02,5,,it's gd,https://play.google.com/store/apps/details?id=com.grofers.customerapp,,,unknown,Recent review export,7
GP-R-1098ad1720ac,Google Play,App review,2026-08-02 10:34:57,5,,👍Good,https://play.google.com/store/apps/details?id=com.grofers.customerapp,,,unknown,Recent review export,5
GP-R-4ebc64d4c587,Google Play,App review,2026-08-02 10:33:17,5,,thanku,https://play.google.com/store/apps/details?id=com.grofers.customerapp,,,unknown,Recent review export,6
GP-R-a2efc6d61530,Google Play,App review,2026-08-02 10:33:04,1,,very poor service,https://play.google.com/store/apps/details?id=com.grofers.customerapp,,,unknown,Recent review export,17
GP-R-7f7ff5aa144f,Google Play,App review,2026-08-02 10:31:04,1,,service not good,https://play.google.com/store/apps/details?id=com.grofers.customerapp,,,unknown,Recent review export,16
GP-R-fd657239b7d3,Google Play,App review,2026-08-02 10:29:00,4,,Service fast,https://play.google.com/store/apps/details?id=com.grofers.customerapp,,,unknown,Recent review export,12
GP-R-dc936d2f536a,Google Play,App review,2026-08-02 10:27:53,5,,superb sarvice,https://play.google.com/store/apps/details?id=com.grofers.customerapp,,,unknown,Recent review export,14
GP-R-e919813580e6,Google Play,App review,2026-08-02 10:26:17,1,,Items that needed discreet packaging were visible:,https://play.google.com/store/apps/details?id=com.grofers.customerapp,,,unknown,Recent review export,50
GP-R-50257b74b449,Google Play,App review,2026-08-02 10:25:43,3,,it ok,https://play.google.com/store/apps/details?id=com.grofers.customerapp,,,unknown,Recent review export,5
GP-R-aff8242078d0,Google Play,App review,2026-08-02 10:24:41,5,,wonderful app saves time,https://play.google.com/store/apps/details?id=com.grofers.customerapp,,,unknown,Recent review export,24
GP-R-703159da09ad,Google Play,App review,2026-08-02 10:24:38,4,,some time extra chrges,https://play.google.com/store/apps/details?id=com.grofers.customerapp,,,unknown,Recent review export,22
GP-R-167d08879b6b,Google Play,App review,2026-08-02 10:22:32,5,,Nice डिलिवरी,https://play.google.com/store/apps/details?id=com.grofers.customerapp,,,unknown,Recent review export,12
GP-R-02502f2578f2,Google Play,App review,2026-08-02 10:20:07,5,,very nice 👍 work 😃 i love to using it 😄,https://play.google.com/store/apps/details?id=com.grofers.customerapp,,,unknown,Recent review export,39
GP-R-2d236e52ed27,Google Play,App review,2026-08-02 10:18:56,1,,koi pata hai nahi order delevered dikha dete hai milta hai nahi koi ni sunta bad service,https://play.google.com/store/apps/details?id=com.grofers.customerapp,,,unknown,Recent review export,88
GP-R-556dbec07bd2,Google Play,App review,2026-08-02 10:17:32,4,,well informed app and good prices,https://play.google.com/store/apps/details?id=com.grofers.customerapp,,,unknown,Recent review export,33
GP-R-789596c3f693,Google Play,App review,2026-08-02 10:16:21,5,,2 words just awesome👏😊,https://play.google.com/store/apps/details?id=com.grofers.customerapp,,,unknown,Recent review export,22
GP-R-65bf985470d2,Google Play,App review,2026-08-02 10:15:48,5,,very useful aap,https://play.google.com/store/apps/details?id=com.grofers.customerapp,,,unknown,Recent review export,15
GP-R-4f06ac357a0b,Google Play,App review,2026-08-02 10:14:41,1,,is it scam by blinkt? ur app showing something but u delivered something else.,https://play.google.com/store/apps/details?id=com.grofers.customerapp,,,unknown,Recent review export,78
GP-R-eba09e53dcde,Google Play,App review,2026-08-02 10:12:17,5,,best quick e-commerce app,https://play.google.com/store/apps/details?id=com.grofers.customerapp,,,unknown,Recent review export,25
GP-R-c4b61af787f7,Google Play,App review,2026-08-02 10:11:08,5,,so good timeing,https://play.google.com/store/apps/details?id=com.grofers.customerapp,,,unknown,Recent review export,15
GP-R-a7793779c12f,Google Play,App review,2026-08-02 10:10:47,5,,good experience.,https://play.google.com/store/apps/details?id=com.grofers.customerapp,,,unknown,Recent review export,16
GP-R-5bae372e69f5,Google Play,App review,2026-08-02 10:09:32,5,,wow,https://play.google.com/store/apps/details?id=com.grofers.customerapp,,,unknown,Recent review export,3
GP-R-75b12a7ad459,Google Play,App review,2026-08-02 10:07:24,1,,very late,https://play.google.com/store/apps/details?id=com.grofers.customerapp,,,unknown,Recent review export,9
GP-R-a036f407f29b,Google Play,App review,2026-08-02 10:06:02,1,,clean quality,https://play.google.com/store/apps/details?id=com.grofers.customerapp,,,unknown,Recent review export,13
GP-R-f4299f5d1c80,Google Play,App review,2026-08-02 10:05:29,5,,so god,https://play.google.com/store/apps/details?id=com.grofers.customerapp,,,unknown,Recent review export,6
GP-R-0abfb649fdd8,Google Play,App review,2026-08-02 10:04:20,5,,19 wiz,https://play.google.com/store/apps/details?id=com.grofers.customerapp,,,unknown,Recent review export,6
GP-R-b051306628bb,Google Play,App review,2026-08-02 10:00:35,5,,great work from blinkit i love it,https://play.google.com/store/apps/details?id=com.grofers.customerapp,,,unknown,Recent review export,33
GP-R-dd41935451af,Google Play,App review,2026-08-02 10:00:08,4,,good but don't deliver on time in my area,https://play.google.com/store/apps/details?id=com.grofers.customerapp,,,unknown,Recent review export,41
GP-R-29c8ef5f75e8,Google Play,App review,2026-08-02 09:58:28,5,,always good 👍,https://play.google.com/store/apps/details?id=com.grofers.customerapp,,,unknown,Recent review export,13
GP-R-0bb5017faf86,Google Play,App review,2026-08-02 09:57:08,3,,best. blinkit now. 😃😀😉,https://play.google.com/store/apps/details?id=com.grofers.customerapp,,,unknown,Recent review export,22
GP-R-04ab860dab13,Google Play,App review,2026-08-02 09:56:22,3,,very nice and good experience,https://play.google.com/store/apps/details?id=com.grofers.customerapp,,,unknown,Recent review export,29
GP-R-3722cfe92fc6,Google Play,App review,2026-08-02 09:55:43,1,,slow driver,https://play.google.com/store/apps/details?id=com.grofers.customerapp,,,unknown,Recent review export,11
GP-R-bf8b47bf22eb,Google Play,App review,2026-08-02 09:54:20,5,,amazing this app,https://play.google.com/store/apps/details?id=com.grofers.customerapp,,,unknown,Recent review export,16
GP-R-689fd8597e8d,Google Play,App review,2026-08-02 09:50:39,5,,so good,https://play.google.com/store/apps/details?id=com.grofers.customerapp,,,unknown,Recent review export,7
GP-R-5a98300fbeec,Google Play,App review,2026-08-02 09:50:37,5,,Good but not giving discount 😔,https://play.google.com/store/apps/details?id=com.grofers.customerapp,,,unknown,Recent review export,30
GP-R-a4b307bc3a43,Google Play,App review,2026-08-02 09:48:31,1,,"useless app. they showed order filled and delivered item. up on requesting for cancelation, they are charging cancelation fee on me. pathetic app. I've order same item again as it was shown order failed. it got this order as well. perforce I had to keep double of these items without my fault. bad app. don't have zero star.",https://play.google.com/store/apps/details?id=com.grofers.customerapp,,,unknown,Recent review export,324
GP-R-a37832caa57c,Google Play,App review,2026-08-02 09:48:21,5,,good service for glinkit,https://play.google.com/store/apps/details?id=com.grofers.customerapp,,,unknown,Recent review export,24
GP-R-d422125da78d,Google Play,App review,2026-08-02 09:47:10,5,,best right time delivery,https://play.google.com/store/apps/details?id=com.grofers.customerapp,,,unknown,Recent review export,24
GP-R-5c8f143d6938,Google Play,App review,2026-08-02 09:46:43,5,,nice service,https://play.google.com/store/apps/details?id=com.grofers.customerapp,,,unknown,Recent review export,12
GP-R-f26aaf6cdc03,Google Play,App review,2026-08-02 09:43:11,4,,pretty good experience with every order except a single time when I got a chipped mud pot,https://play.google.com/store/apps/details?id=com.grofers.customerapp,,,unknown,Recent review export,89
GP-R-d36115db4470,Google Play,App review,2026-08-02 09:42:30,5,,very good product,https://play.google.com/store/apps/details?id=com.grofers.customerapp,,,unknown,Recent review export,17
GP-R-7a6eafc8b7d9,Google Play,App review,2026-08-02 09:41:27,5,,very quick service,https://play.google.com/store/apps/details?id=com.grofers.customerapp,,,unknown,Recent review export,18
GP-R-b5efd4907162,Google Play,App review,2026-08-02 09:41:25,5,,outstanding,https://play.google.com/store/apps/details?id=com.grofers.customerapp,,,unknown,Recent review export,11
GP-R-22ed7d630da7,Google Play,App review,2026-08-02 09:39:32,5,,good 👍👍👍,https://play.google.com/store/apps/details?id=com.grofers.customerapp,,,unknown,Recent review export,8
GP-R-bbcc3095e9c9,Google Play,App review,2026-08-02 09:39:26,1,,"Blinkit is most expensive of all. Jiomart, bigbasket and many others are cheaper. Blinkit exists because of the aesthetic drama they can win over bimbos",https://play.google.com/store/apps/details?id=com.grofers.customerapp,,,unknown,Recent review export,152
GP-R-5d4b68740a95,Google Play,App review,2026-08-02 09:38:52,5,,nice response always,https://play.google.com/store/apps/details?id=com.grofers.customerapp,,,unknown,Recent review export,20
GP-R-9e34781ba679,Google Play,App review,2026-08-02 09:38:40,5,,thank you for your early delivery,https://play.google.com/store/apps/details?id=com.grofers.customerapp,,,unknown,Recent review export,33
GP-R-2810be6ca9bd,Google Play,App review,2026-08-02 09:38:40,5,,excellent service 👍,https://play.google.com/store/apps/details?id=com.grofers.customerapp,,,unknown,Recent review export,19
GP-R-41842dd7912a,Google Play,App review,2026-08-02 09:37:26,5,,superfast service by blinkit for anywhere thanks 👍,https://play.google.com/store/apps/details?id=com.grofers.customerapp,,,unknown,Recent review export,50
GP-R-55ada22eec4d,Google Play,App review,2026-08-02 09:36:55,5,,wowww superbb,https://play.google.com/store/apps/details?id=com.grofers.customerapp,,,unknown,Recent review export,13
GP-R-2fbea3664922,Google Play,App review,2026-08-02 09:36:10,4,,i love this ❤️,https://play.google.com/store/apps/details?id=com.grofers.customerapp,,,unknown,Recent review export,14
GP-R-e9f06ce0cea1,Google Play,App review,2026-08-02 09:32:09,5,,it is one of best cart,https://play.google.com/store/apps/details?id=com.grofers.customerapp,,,unknown,Recent review export,22
GP-R-35a38faa2b10,Google Play,App review,2026-08-02 09:31:38,5,,Very easy select the product,https://play.google.com/store/apps/details?id=com.grofers.customerapp,,,unknown,Recent review export,28
GP-R-b58de68a21b7,Google Play,App review,2026-08-02 09:30:11,5,,veryyyy helpful nicee,https://play.google.com/store/apps/details?id=com.grofers.customerapp,,,unknown,Recent review export,21
GP-R-283cda7e27ea,Google Play,App review,2026-08-02 09:28:43,5,,wonderful service,https://play.google.com/store/apps/details?id=com.grofers.customerapp,,,unknown,Recent review export,17
GP-R-7ce8c806be15,Google Play,App review,2026-08-02 09:28:18,4,,Good😊,https://play.google.com/store/apps/details?id=com.grofers.customerapp,,,unknown,Recent review export,5
GP-R-39db302914ed,Google Play,App review,2026-08-02 09:27:21,5,,nice best service market se aacha h,https://play.google.com/store/apps/details?id=com.grofers.customerapp,,,unknown,Recent review export,35
GP-R-47995a3cc2ea,Google Play,App review,2026-08-02 09:27:20,5,,supar,https://play.google.com/store/apps/details?id=com.grofers.customerapp,,,unknown,Recent review export,5
GP-R-70932ba5648d,Google Play,App review,2026-08-02 09:27:09,1,,very bad experience,https://play.google.com/store/apps/details?id=com.grofers.customerapp,,,unknown,Recent review export,19
GP-R-1dcc9b31480d,Google Play,App review,2026-08-02 09:25:58,5,,very good delivery,https://play.google.com/store/apps/details?id=com.grofers.customerapp,,,unknown,Recent review export,18
GP-R-af9389689d0f,Google Play,App review,2026-08-02 09:25:53,5,,Best app,https://play.google.com/store/apps/details?id=com.grofers.customerapp,,,unknown,Recent review export,8
GP-R-ac3e1b5d57b8,Google Play,App review,2026-08-02 09:25:36,5,,Excellent service 💯,https://play.google.com/store/apps/details?id=com.grofers.customerapp,,,unknown,Recent review export,19
GP-R-97e0e5c2ecd4,Google Play,App review,2026-08-02 09:24:50,1,,blinkit sabse ghatiya aap hai meko Harry Potter kinder nahi mil pa rahe,https://play.google.com/store/apps/details?id=com.grofers.customerapp,,,unknown,Recent review export,71
GP-R-377c80a10fa2,Google Play,App review,2026-08-02 09:23:36,4,,overall nice,https://play.google.com/store/apps/details?id=com.grofers.customerapp,,,unknown,Recent review export,12
GP-R-51400892a201,Google Play,App review,2026-08-02 09:23:31,5,,good service keep it up😍,https://play.google.com/store/apps/details?id=com.grofers.customerapp,,,unknown,Recent review export,24
GP-R-e063f5a65bbd,Google Play,App review,2026-08-02 09:21:56,5,,great service and big very fast best of luck,https://play.google.com/store/apps/details?id=com.grofers.customerapp,,,unknown,Recent review export,44
GP-R-748a25c920f1,Google Play,App review,2026-08-02 09:21:26,1,,shows that it is returnable then says it is not eligible,https://play.google.com/store/apps/details?id=com.grofers.customerapp,,,unknown,Recent review export,56
GP-R-be70a4eb6845,Google Play,App review,2026-08-02 09:21:25,5,,hi I am Salman Khan I am waiting this app is this is a very beautiful app and first actively,https://play.google.com/store/apps/details?id=com.grofers.customerapp,,,unknown,Recent review export,92
GP-R-1a0be4f05e92,Google Play,App review,2026-08-02 09:20:33,5,,it's excellent app,https://play.google.com/store/apps/details?id=com.grofers.customerapp,,,unknown,Recent review export,18
GP-R-63ca42100915,Google Play,App review,2026-08-02 09:20:13,2,,Rate is more than actual matket price,https://play.google.com/store/apps/details?id=com.grofers.customerapp,,,unknown,Recent review export,37
GP-R-65cf8c7fcb3e,Google Play,App review,2026-08-02 09:20:06,2,,odar not on time,https://play.google.com/store/apps/details?id=com.grofers.customerapp,,,unknown,Recent review export,16
GP-R-4a0f59836b0f,Google Play,App review,2026-08-02 09:19:37,5,,it's a good app very helpful when you need anything,https://play.google.com/store/apps/details?id=com.grofers.customerapp,,,unknown,Recent review export,51
GP-R-68ef7d931f68,Google Play,App review,2026-08-02 09:17:45,5,,very quick deliver,https://play.google.com/store/apps/details?id=com.grofers.customerapp,,,unknown,Recent review export,18
GP-R-84638dd9d9c7,Google Play,App review,2026-08-02 09:17:25,4,,good service app,https://play.google.com/store/apps/details?id=com.grofers.customerapp,,,unknown,Recent review export,16
GP-R-d665b405a755,Google Play,App review,2026-08-02 09:16:05,1,,horrible and ugly,https://play.google.com/store/apps/details?id=com.grofers.customerapp,,,unknown,Recent review export,17
GP-R-a87f517258df,Google Play,App review,2026-08-02 09:15:40,4,,good 👍🏻,https://play.google.com/store/apps/details?id=com.grofers.customerapp,,,unknown,Recent review export,7
GP-R-965b32f46e95,Google Play,App review,2026-08-02 09:14:00,4,,Blinkit app not installingg,https://play.google.com/store/apps/details?id=com.grofers.customerapp,,,unknown,Recent review export,27
GP-R-c5115d9d0498,Google Play,App review,2026-08-02 09:11:55,4,,satisfied 😃,https://play.google.com/store/apps/details?id=com.grofers.customerapp,,,unknown,Recent review export,11
GP-R-146a725f5985,Google Play,App review,2026-08-02 09:11:54,4,,good app but the hot wheels is always out of stock please stock the hot wheels first.,https://play.google.com/store/apps/details?id=com.grofers.customerapp,,,unknown,Recent review export,85
GP-R-ede61090e001,Google Play,App review,2026-08-02 09:07:40,5,,oodd,https://play.google.com/store/apps/details?id=com.grofers.customerapp,,,unknown,Recent review export,4
GP-R-aeb40d546400,Google Play,App review,2026-08-02 09:05:17,1,,very late delivery please make sense in time punctuality 😡😡😡😡,https://play.google.com/store/apps/details?id=com.grofers.customerapp,,,unknown,Recent review export,61
GP-R-c40a2cdc8fd7,Google Play,App review,2026-08-02 09:04:51,5,,I really love it,https://play.google.com/store/apps/details?id=com.grofers.customerapp,,,unknown,Recent review export,16
GP-R-c8caca51e20f,Google Play,App review,2026-08-02 09:04:41,5,,love to order on this app everything on time and best,https://play.google.com/store/apps/details?id=com.grofers.customerapp,,,unknown,Recent review export,53
GP-R-5b5ed6099eda,Google Play,App review,2026-08-02 09:04:22,1,,in my city very bad experience my first order list in almost one dedh ghanta let pahuncha,https://play.google.com/store/apps/details?id=com.grofers.customerapp,,,unknown,Recent review export,89
GP-R-2193563cace6,Google Play,App review,2026-08-02 09:04:03,5,,impressive,https://play.google.com/store/apps/details?id=com.grofers.customerapp,,,unknown,Recent review export,10
GP-R-8718540296c5,Google Play,App review,2026-08-02 09:03:48,1,,Return policy is very bad,https://play.google.com/store/apps/details?id=com.grofers.customerapp,,,unknown,Recent review export,25
GP-R-0e0c14ccd42f,Google Play,App review,2026-08-02 09:03:22,5,,delivery good and fast service,https://play.google.com/store/apps/details?id=com.grofers.customerapp,,,unknown,Recent review export,30
GP-R-4bf8a4a5de38,Google Play,App review,2026-08-02 09:02:20,1,,worst delivery partners,https://play.google.com/store/apps/details?id=com.grofers.customerapp,,,unknown,Recent review export,23
GP-R-a3fa4a13c0aa,Google Play,App review,2026-08-02 09:02:13,4,,It is good but little expensive,https://play.google.com/store/apps/details?id=com.grofers.customerapp,,,unknown,Recent review export,31
GP-R-3d003a2f3113,Google Play,App review,2026-08-02 09:01:10,4,,verry good service,https://play.google.com/store/apps/details?id=com.grofers.customerapp,,,unknown,Recent review export,18
GP-R-b593c516e58e,Google Play,App review,2026-08-02 09:00:50,5,,very good platform,https://play.google.com/store/apps/details?id=com.grofers.customerapp,,,unknown,Recent review export,18
GP-R-57c3ed5732d5,Google Play,App review,2026-08-02 08:59:18,1,,"The Cash on Delivery (COD) option is not available for any order on my account. However, when the exact same items are ordered to the same delivery address using my husband's Blinkit account, the COD option is available. I have never cancelled or refused any COD order in the past, so I am unable to understand why this option has been remove",https://play.google.com/store/apps/details?id=com.grofers.customerapp,,,unknown,Recent review export,342
GP-R-35dfffa6abec,Google Play,App review,2026-08-02 08:58:52,5,,Really Good Service. I'm enjoying super fast deliveries.,https://play.google.com/store/apps/details?id=com.grofers.customerapp,,,unknown,Recent review export,56
GP-R-9432c815311f,Google Play,App review,2026-08-02 08:58:39,1,,that day I booked the items but not came amount deceated.i raise the ticket .that girl call me and will refund the amount but I didn't get money from you.very bad ples refund the amount,https://play.google.com/store/apps/details?id=com.grofers.customerapp,,,unknown,Recent review export,185
GP-R-4da9261c1a99,Google Play,App review,2026-08-02 08:58:09,5,,what a app in world,https://play.google.com/store/apps/details?id=com.grofers.customerapp,,,unknown,Recent review export,19
GP-R-54bb9bd5dd47,Google Play,App review,2026-08-02 08:57:00,5,,grateful,https://play.google.com/store/apps/details?id=com.grofers.customerapp,,,unknown,Recent review export,8
GP-R-0a50deb66c54,Google Play,App review,2026-08-02 08:56:53,5,,9 Out Of 10,https://play.google.com/store/apps/details?id=com.grofers.customerapp,,,unknown,Recent review export,11
GP-R-e41bd84ee353,Google Play,App review,2026-08-02 08:56:24,5,,This is soo good it delivers your product in under 15 minutes and it's very easy to use,https://play.google.com/store/apps/details?id=com.grofers.customerapp,,,unknown,Recent review export,87
GP-R-2e0ccde539d1,Google Play,App review,2026-08-02 08:53:04,1,,i have not found option to apply coupan code.,https://play.google.com/store/apps/details?id=com.grofers.customerapp,,,unknown,Recent review export,45
GP-R-4f09d82136b5,Google Play,App review,2026-08-02 08:52:58,5,,Till date I exprerianced best service from blinkit... I ordered more than 50+ orders but each time i get same thing on time.,https://play.google.com/store/apps/details?id=com.grofers.customerapp,,,unknown,Recent review export,124
GP-R-469d7f96989e,Google Play,App review,2026-08-02 08:51:28,5,,very intuitive app...,https://play.google.com/store/apps/details?id=com.grofers.customerapp,,,unknown,Recent review export,21
GP-R-12593edfbcb7,Google Play,App review,2026-08-02 08:50:37,5,,best and fast service,https://play.google.com/store/apps/details?id=com.grofers.customerapp,,,unknown,Recent review export,21
GP-R-4d5ea5275ef7,Google Play,App review,2026-08-02 08:49:55,5,,"you can get anything, anywhere 😄",https://play.google.com/store/apps/details?id=com.grofers.customerapp,,,unknown,Recent review export,32
GP-R-a97a3db919c4,Google Play,App review,2026-08-02 08:48:43,1,,time is not perfect allways late bad service staff assistend behavieor so rude,https://play.google.com/store/apps/details?id=com.grofers.customerapp,,,unknown,Recent review export,78
GP-R-9b26870779b3,Google Play,App review,2026-08-02 08:47:59,1,,goood,https://play.google.com/store/apps/details?id=com.grofers.customerapp,,,unknown,Recent review export,5
GP-R-c572e748b1b5,Google Play,App review,2026-08-02 08:47:58,4,,Good service.,https://play.google.com/store/apps/details?id=com.grofers.customerapp,,,unknown,Recent review export,13
GP-R-b393797f0969,Google Play,App review,2026-08-02 08:46:38,5,,very good app it made my life very easy now i dont have to waste my time on groceries,https://play.google.com/store/apps/details?id=com.grofers.customerapp,,,unknown,Recent review export,85
GP-R-cb97dbdc80d4,Google Play,App review,2026-08-02 08:45:48,5,,"It's an amazing App where I can get most of the items I need, however some of the items are still not available in your app....Anyway it is quite a reliable platform and delivery partners also delivers all the items on time...thanks to your services...hope all the best....",https://play.google.com/store/apps/details?id=com.grofers.customerapp,,,unknown,Recent review export,273
GP-R-0cebfd9c5af7,Google Play,App review,2026-08-02 08:44:53,4,,☺️❤️,https://play.google.com/store/apps/details?id=com.grofers.customerapp,,,unknown,Recent review export,4
GP-R-95c61ea94326,Google Play,App review,2026-08-02 08:44:47,5,,🤩🥳🍀,https://play.google.com/store/apps/details?id=com.grofers.customerapp,,,unknown,Recent review export,3
GP-R-c01d59b2e2ee,Google Play,App review,2026-08-02 08:44:25,1,,ordered the food at 12:30pm. picked up at @ 1:09pm. still not delivered @ 2:15pm delivery charge for this service - ₹75 wow what a service ⚰️🕊️🪦🪦,https://play.google.com/store/apps/details?id=com.grofers.customerapp,,,unknown,Recent review export,145
GP-R-c90d2cfaea17,Google Play,App review,2026-08-02 08:43:40,5,,very good very fast delivery,https://play.google.com/store/apps/details?id=com.grofers.customerapp,,,unknown,Recent review export,28
GP-R-0cf0d2469600,Google Play,App review,2026-08-02 08:43:21,1,,cod not avaliable,https://play.google.com/store/apps/details?id=com.grofers.customerapp,,,unknown,Recent review export,17
GP-R-a454545f8c49,Google Play,App review,2026-08-02 08:42:17,5,,gud,https://play.google.com/store/apps/details?id=com.grofers.customerapp,,,unknown,Recent review export,3
GP-R-d0d1bbed2267,Google Play,App review,2026-08-02 08:41:49,5,,good work guys,https://play.google.com/store/apps/details?id=com.grofers.customerapp,,,unknown,Recent review export,14
GP-R-e19fd70d43ed,Google Play,App review,2026-08-02 08:41:36,5,,very nice aapka service bahut achcha hai,https://play.google.com/store/apps/details?id=com.grofers.customerapp,,,unknown,Recent review export,40
GP-R-b3ab52774051,Google Play,App review,2026-08-02 08:40:44,5,,Very Good Services,https://play.google.com/store/apps/details?id=com.grofers.customerapp,,,unknown,Recent review export,18
GP-R-4c6e83b364de,Google Play,App review,2026-08-02 08:40:27,5,,good timeing,https://play.google.com/store/apps/details?id=com.grofers.customerapp,,,unknown,Recent review export,12
GP-R-bbae6e25d766,Google Play,App review,2026-08-02 08:38:59,1,,haldi 40 rupiya mehngi bech rahy ur diaper bhi bhaiya ye galat hai,https://play.google.com/store/apps/details?id=com.grofers.customerapp,,,unknown,Recent review export,66
GP-R-10c1012aa3b4,Google Play,App review,2026-08-02 08:38:28,5,,I like this application,https://play.google.com/store/apps/details?id=com.grofers.customerapp,,,unknown,Recent review export,23
GP-R-f1689d8509db,Google Play,App review,2026-08-02 08:37:16,3,,company tell 50% but we don't get 50% off,https://play.google.com/store/apps/details?id=com.grofers.customerapp,,,unknown,Recent review export,41
GP-R-0e714aaea5e2,Google Play,App review,2026-08-02 08:35:43,5,,good and fast delivery app..,https://play.google.com/store/apps/details?id=com.grofers.customerapp,,,unknown,Recent review export,28
GP-R-ca78a5fb863d,Google Play,App review,2026-08-02 08:33:28,1,,worst grocery app block my cod order,https://play.google.com/store/apps/details?id=com.grofers.customerapp,,,unknown,Recent review export,36
GP-R-37bd44a77575,Google Play,App review,2026-08-02 08:32:50,5,,very good but take delivery charge so much,https://play.google.com/store/apps/details?id=com.grofers.customerapp,,,unknown,Recent review export,42
GP-R-209cddfcbaeb,Google Play,App review,2026-08-02 08:32:29,1,,worst app. very useless app don't use it. delivery partner misbehaves and forcefully asks for tip otherwise he says he will not give the order to us.,https://play.google.com/store/apps/details?id=com.grofers.customerapp,,,unknown,Recent review export,149
GP-R-0cf785b57732,Google Play,App review,2026-08-02 08:30:25,5,,nice aap,https://play.google.com/store/apps/details?id=com.grofers.customerapp,,,unknown,Recent review export,8
GP-R-ae2544920d20,Google Play,App review,2026-08-02 08:30:18,5,,nice blinkit,https://play.google.com/store/apps/details?id=com.grofers.customerapp,,,unknown,Recent review export,12
GP-R-c69fea34524b,Google Play,App review,2026-08-02 08:29:39,5,,much faster service,https://play.google.com/store/apps/details?id=com.grofers.customerapp,,,unknown,Recent review export,19
GP-R-9afe124dc9ce,Google Play,App review,2026-08-02 08:29:11,4,,Good but most electronics items are unavailable.,https://play.google.com/store/apps/details?id=com.grofers.customerapp,,,unknown,Recent review export,48
GP-R-c7957a8a7b05,Google Play,App review,2026-08-02 08:28:06,5,,good 👍 😊,https://play.google.com/store/apps/details?id=com.grofers.customerapp,,,unknown,Recent review export,8
GP-R-9b93c36a43e7,Google Play,App review,2026-08-02 08:27:04,1,,Selling expired products. Terrible customer care,https://play.google.com/store/apps/details?id=com.grofers.customerapp,,,unknown,Recent review export,48
GP-R-99e9f79228e3,Google Play,App review,2026-08-02 08:25:03,5,,best delivery app 👌,https://play.google.com/store/apps/details?id=com.grofers.customerapp,,,unknown,Recent review export,19
GP-R-5ac17461e917,Google Play,App review,2026-08-02 08:22:56,5,,easy to use and all items available,https://play.google.com/store/apps/details?id=com.grofers.customerapp,,,unknown,Recent review export,35
GP-R-18cd6dbc586e,Google Play,App review,2026-08-02 08:21:55,5,,excellent customer service support,https://play.google.com/store/apps/details?id=com.grofers.customerapp,,,unknown,Recent review export,34
GP-R-8c28a2c35868,Google Play,App review,2026-08-02 08:21:54,2,,no extra discount,https://play.google.com/store/apps/details?id=com.grofers.customerapp,,,unknown,Recent review export,17
GP-R-7dacd3085648,Google Play,App review,2026-08-02 08:21:32,5,,nice apppp,https://play.google.com/store/apps/details?id=com.grofers.customerapp,,,unknown,Recent review export,10
GP-R-0c005aaa6f3b,Google Play,App review,2026-08-02 08:21:21,5,,well good always I buy something in blinkit it will be on time but I hope give some small small gifts like 1/4 tomato's r something else,https://play.google.com/store/apps/details?id=com.grofers.customerapp,,,unknown,Recent review export,136
GP-R-5a620bdd7769,Google Play,App review,2026-08-02 08:19:55,5,,Really love your service! 👍,https://play.google.com/store/apps/details?id=com.grofers.customerapp,,,unknown,Recent review export,27
GP-R-6d532131f7aa,Google Play,App review,2026-08-02 08:19:46,5,,Perfecf app,https://play.google.com/store/apps/details?id=com.grofers.customerapp,,,unknown,Recent review export,11
GP-R-4357238d0c73,Google Play,App review,2026-08-02 08:19:13,5,,i hope it delivers on time,https://play.google.com/store/apps/details?id=com.grofers.customerapp,,,unknown,Recent review export,26
GP-R-c2eaef12d153,Google Play,App review,2026-08-02 08:18:53,5,,best app I have used so far,https://play.google.com/store/apps/details?id=com.grofers.customerapp,,,unknown,Recent review export,27
GP-R-4d6f51a1e8b2,Google Play,App review,2026-08-02 08:18:29,1,,"Untrustable site...They are not accepting my return request of low quality almonds as they did not validate it by pic... I received low quality almonds and its returnable , however Blink not accepting the request.. Very dissapounting side...",https://play.google.com/store/apps/details?id=com.grofers.customerapp,,,unknown,Recent review export,241
GP-R-29212dbb02bc,Google Play,App review,2026-08-02 08:15:49,5,,timely delivery and good service,https://play.google.com/store/apps/details?id=com.grofers.customerapp,,,unknown,Recent review export,32
GP-R-27382ff074bb,Google Play,App review,2026-08-02 08:14:24,5,,good 💯😊,https://play.google.com/store/apps/details?id=com.grofers.customerapp,,,unknown,Recent review export,7
GP-R-31160d982751,Google Play,App review,2026-08-02 08:13:46,2,,fast delivery please,https://play.google.com/store/apps/details?id=com.grofers.customerapp,,,unknown,Recent review export,20
GP-R-ed586b31cdf7,Google Play,App review,2026-08-02 08:12:44,1,,👎🏼👎🏼,https://play.google.com/store/apps/details?id=com.grofers.customerapp,,,unknown,Recent review export,4
GP-R-ef06eb67e6e5,Google Play,App review,2026-08-02 08:12:19,4,,best 👍,https://play.google.com/store/apps/details?id=com.grofers.customerapp,,,unknown,Recent review export,6
GP-R-4cdac91003f1,Google Play,App review,2026-08-02 08:12:05,5,,amazed with quality products,https://play.google.com/store/apps/details?id=com.grofers.customerapp,,,unknown,Recent review export,28
GP-R-5890ffeefc61,Google Play,App review,2026-08-02 08:10:33,1,,late service,https://play.google.com/store/apps/details?id=com.grofers.customerapp,,,unknown,Recent review export,12
GP-R-44ea80a6ac30,Google Play,App review,2026-08-02 08:06:22,1,,Money not refunded order cancel,https://play.google.com/store/apps/details?id=com.grofers.customerapp,,,unknown,Recent review export,31
GP-R-56d131492f2c,Google Play,App review,2026-08-02 08:05:56,5,,Fast and reliable service,https://play.google.com/store/apps/details?id=com.grofers.customerapp,,,unknown,Recent review export,25
GP-R-d0216ab11bea,Google Play,App review,2026-08-02 08:01:57,5,,fast and furious service,https://play.google.com/store/apps/details?id=com.grofers.customerapp,,,unknown,Recent review export,24
GP-R-6b741f3f21f6,Google Play,App review,2026-08-02 08:01:33,5,,good one,https://play.google.com/store/apps/details?id=com.grofers.customerapp,,,unknown,Recent review export,8
GP-R-33e7c5ee4a45,Google Play,App review,2026-08-02 08:01:29,5,,👍 nice,https://play.google.com/store/apps/details?id=com.grofers.customerapp,,,unknown,Recent review export,6
GP-R-61dd7b56aee4,Google Play,App review,2026-08-02 08:01:24,5,,awosame,https://play.google.com/store/apps/details?id=com.grofers.customerapp,,,unknown,Recent review export,7
GP-R-9c55d7f96705,Google Play,App review,2026-08-02 07:57:51,3,,it's good but sometimes if you order 2 pcs you receive only one pcs they say those products are out of stock and give 20% refund🫠,https://play.google.com/store/apps/details?id=com.grofers.customerapp,,,unknown,Recent review export,129
GP-R-78265cf6ccdd,Google Play,App review,2026-08-02 07:56:09,5,,nice packaging no warry about any problem trust able app,https://play.google.com/store/apps/details?id=com.grofers.customerapp,,,unknown,Recent review export,56
GP-R-c73c99fd6024,Google Play,App review,2026-08-02 07:55:41,5,,perfect,https://play.google.com/store/apps/details?id=com.grofers.customerapp,,,unknown,Recent review export,7
GP-R-ace9ab776517,Google Play,App review,2026-08-02 07:54:01,5,,Best if Delivered in time,https://play.google.com/store/apps/details?id=com.grofers.customerapp,,,unknown,Recent review export,25
GP-R-42520579f658,Google Play,App review,2026-08-02 07:53:59,4,,add cash on delivery,https://play.google.com/store/apps/details?id=com.grofers.customerapp,,,unknown,Recent review export,20
GP-R-fe0f0958bcb1,Google Play,App review,2026-08-02 07:53:43,5,,super fast,https://play.google.com/store/apps/details?id=com.grofers.customerapp,,,unknown,Recent review export,10
GP-R-10e978422e3a,Google Play,App review,2026-08-02 07:52:53,4,,"so good, so easy.... its like magic 🪄✨",https://play.google.com/store/apps/details?id=com.grofers.customerapp,,,unknown,Recent review export,38
GP-R-1d4de350db7a,Google Play,App review,2026-08-02 07:51:49,5,,Owsem Service,https://play.google.com/store/apps/details?id=com.grofers.customerapp,,,unknown,Recent review export,13
GP-R-5fafbac1f314,Google Play,App review,2026-08-02 07:51:18,5,,nice and very fast service,https://play.google.com/store/apps/details?id=com.grofers.customerapp,,,unknown,Recent review export,26
GP-R-a6fcfd825183,Google Play,App review,2026-08-02 07:50:36,5,,super app,https://play.google.com/store/apps/details?id=com.grofers.customerapp,,,unknown,Recent review export,9
GP-R-f066f61ee2ee,Google Play,App review,2026-08-02 07:46:35,4,,it is good but some times they don't have change,https://play.google.com/store/apps/details?id=com.grofers.customerapp,,,unknown,Recent review export,48
GP-R-3d790b2ac28b,Google Play,App review,2026-08-02 07:45:33,5,,good services blinkit,https://play.google.com/store/apps/details?id=com.grofers.customerapp,,,unknown,Recent review export,21
GP-R-08b4f1ff11bd,Google Play,App review,2026-08-02 07:44:47,5,,fast delivery and quality service!,https://play.google.com/store/apps/details?id=com.grofers.customerapp,,,unknown,Recent review export,34
GP-R-f8dde6b5d85e,Google Play,App review,2026-08-02 07:43:46,5,,super 👍🏻😍 experience in my mind is awesome,https://play.google.com/store/apps/details?id=com.grofers.customerapp,,,unknown,Recent review export,42
GP-R-90c3b7c5453b,Google Play,App review,2026-08-02 07:43:34,5,,👍 okay,https://play.google.com/store/apps/details?id=com.grofers.customerapp,,,unknown,Recent review export,6
GP-R-ca607b7d89cd,Google Play,App review,2026-08-02 07:42:57,5,,best app for matter in delivery and free delivery at 99 that's good 👍,https://play.google.com/store/apps/details?id=com.grofers.customerapp,,,unknown,Recent review export,69
GP-R-67384e638d84,Google Play,App review,2026-08-02 07:42:12,5,,Best order app and time cover,https://play.google.com/store/apps/details?id=com.grofers.customerapp,,,unknown,Recent review export,29
GP-R-47662f05623d,Google Play,App review,2026-08-02 07:40:40,2,,"I have noticed that Blinkit's delivery service. However, I was disappointed with the additional charges on my recent order. Today, ordered worth ₹151, but extra ₹54 was added as service & other charges. Delivery hub is only at a 5-minute walk from my location, so these additional charges seem excessive. If such high charges continue to be applied even for nearby deliveries, many customers, including me, may choose not to use the service in the future.I request you to review your pricing policy.",https://play.google.com/store/apps/details?id=com.grofers.customerapp,,,unknown,Recent review export,499
GP-R-c374e8ffd21d,Google Play,App review,2026-08-02 07:39:38,1,,wrong item received,https://play.google.com/store/apps/details?id=com.grofers.customerapp,,,unknown,Recent review export,19
GP-R-cd875a4d68a5,Google Play,App review,2026-08-02 07:36:56,5,,too easy too simple too fast,https://play.google.com/store/apps/details?id=com.grofers.customerapp,,,unknown,Recent review export,28
GP-R-077adef6ba78,Google Play,App review,2026-08-02 07:36:10,5,,Best experience loved it,https://play.google.com/store/apps/details?id=com.grofers.customerapp,,,unknown,Recent review export,24
GP-R-304baf66ec7a,Google Play,App review,2026-08-02 07:34:51,5,,best m best,https://play.google.com/store/apps/details?id=com.grofers.customerapp,,,unknown,Recent review export,11
GP-R-4bc5ba88f026,Google Play,App review,2026-08-02 07:34:06,5,,all good,https://play.google.com/store/apps/details?id=com.grofers.customerapp,,,unknown,Recent review export,8
GP-R-f7cb665fbd75,Google Play,App review,2026-08-02 07:34:00,5,,this is very helpful in delivery service,https://play.google.com/store/apps/details?id=com.grofers.customerapp,,,unknown,Recent review export,40
GP-R-e9ce4a72606a,Google Play,App review,2026-08-02 07:30:18,1,,too much handling charge,https://play.google.com/store/apps/details?id=com.grofers.customerapp,,,unknown,Recent review export,24
